Year,Day_1,Day_2,Day_3,Day_4,Day_5,Day_6,Day_7,Day_8,Day_9,Day_10,Day_11,Day_12,Day_13,Day_14,Day_15,Day_16,Day_17,Day_18,Day_19,Day_20,Day_21,Day_22,Day_23,Day_24,Day_25,Day_26,Day_27,Day_28,Day_29,Day_30,Day_31,Day_32,Day_33,Day_34,Day_35,Day_36,Day_37,Day_38,Day_39,Day_40,Day_41,Day_42,Day_43,Day_44,Day_45,Day_46,Day_47,Day_48,Day_49,Day_50,Day_51,Day_52,Day_53,Day_54,Day_55,Day_56,Day_57,Day_58,Day_59,Day_60,Day_61,Day_62,Day_63,Day_64,Day_65,Day_66,Day_67,Day_68,Day_69,Day_70,Day_71,Day_72,Day_73,Day_74,Day_75,Day_76,Day_77,Day_78,Day_79,Day_80,Day_81,Day_82,Day_83,Day_84,Day_85,Day_86,Day_87,Day_88,Day_89,Day_90,Day_91,Day_92,Day_93,Day_94,Day_95,Day_96,Day_97,Day_98,Day_99,Day_100,Day_101,Day_102,Day_103,Day_104,Day_105,Day_106,Day_107,Day_108,Day_109,Day_110,Day_111,Day_112,Day_113,Day_114,Day_115,Day_116,Day_117,Day_118,Day_119,Day_120,Day_121,Day_122,Day_123,Day_124,Day_125,Day_126,Day_127,Day_128,Day_129,Day_130,Day_131,Day_132,Day_133,Day_134,Day_135,Day_136,Day_137,Day_138,Day_139,Day_140,Day_141,Day_142,Day_143,Day_144,Day_145,Day_146,Day_147,Day_148,Day_149,Day_150,Day_151,Day_152,Day_153,Day_154,Day_155,Day_156,Day_157,Day_158,Day_159,Day_160,Day_161,Day_162,Day_163,Day_164,Day_165,Day_166,Day_167,Day_168,Day_169,Day_170,Day_171,Day_172,Day_173,Day_174,Day_175,Day_176,Day_177,Day_178,Day_179,Day_180,Day_181,Day_182,Day_183,Day_184,Day_185,Day_186,Day_187,Day_188,Day_189,Day_190,Day_191,Day_192,Day_193,Day_194,Day_195,Day_196,Day_197,Day_198,Day_199,Day_200,Day_201,Day_202,Day_203,Day_204,Day_205,Day_206,Day_207,Day_208,Day_209,Day_210,Day_211,Day_212,Day_213,Day_214,Day_215,Day_216,Day_217,Day_218,Day_219,Day_220,Day_221,Day_222,Day_223,Day_224,Day_225,Day_226,Day_227,Day_228,Day_229,Day_230,Day_231,Day_232,Day_233,Day_234,Day_235,Day_236,Day_237,Day_238,Day_239,Day_240,Day_241,Day_242,Day_243,Day_244,Day_245,Day_246,Day_247,Day_248,Day_249,Day_250,Day_251,Day_252,Day_253,Day_254,Day_255,Day_256,Day_257,Day_258,Day_259,Day_260,Day_261,Day_262,Day_263,Day_264,Day_265,Day_266,Day_267,Day_268,Day_269,Day_270,Day_271,Day_272,Day_273,Day_274,Day_275,Day_276,Day_277,Day_278,Day_279,Day_280,Day_281,Day_282,Day_283,Day_284,Day_285,Day_286,Day_287,Day_288,Day_289,Day_290,Day_291,Day_292,Day_293,Day_294,Day_295,Day_296,Day_297,Day_298,Day_299,Day_300,Day_301,Day_302,Day_303,Day_304,Day_305,Day_306,Day_307,Day_308,Day_309,Day_310,Day_311,Day_312,Day_313,Day_314,Day_315,Day_316,Day_317,Day_318,Day_319,Day_320,Day_321,Day_322,Day_323,Day_324,Day_325,Day_326,Day_327,Day_328,Day_329,Day_330,Day_331,Day_332,Day_333,Day_334,Day_335,Day_336,Day_337,Day_338,Day_339,Day_340,Day_341,Day_342,Day_343,Day_344,Day_345,Day_346,Day_347,Day_348,Day_349,Day_350,Day_351,Day_352,Day_353,Day_354,Day_355,Day_356,Day_357,Day_358,Day_359,Day_360,Day_361,Day_362,Day_363,Day_364,Day_365,Day_366,Day_367
1981,,,,,,,,,,,,,,,,,,,,,,,,,,,,,,,,,,,,,,,,,,,,,,,,,,,,,,,,,,,,,,,,,,,,,,,,,,,,,,,,,,,,,,,,,,,,,,,,,,,,,,,,,,,,,,,,,,,,,,,,,,,,,,,,,,,,,,,,,,,,,,,,,,,,,,,,,,,,,,,,,,,,,,,,,,,,,,,,,,,,,,,,,,,,,,,,,,,,,,,,,,,,,,,,,,,,,,,,,,,,,,,,,,,,,,,,,,,,,,,,,,,,,20.15,20.14,20.13,20.13,20.12,20.11,20.11,20.11,20.11,20.11,20.12,20.11,20.1,20.08,20.07,20.05,20.03,20.01,20.01,19.99,19.98,19.99,20.01,20.04,20.04,20.04,20.02,20,20,20.01,20.03,20.02,20.01,20,19.99,19.99,20,20.01,20.02,20.01,20,20,20.01,19.99,19.98,19.96,19.96,19.95,19.93,19.93,19.95,19.95,19.93,19.92,19.92,19.9,19.87,19.84,19.82,19.81,19.8,19.79,19.77,19.76,19.76,19.77,19.79,19.81,19.81,19.8,19.81,19.82,19.82,19.81,19.82,19.82,19.81,19.8,19.81,19.83,19.84,19.85,19.86,19.85,19.88,19.9,19.9,19.9,19.89,19.89,19.9,19.92,19.92,19.91,19.9,19.91,19.92,19.92,19.94,19.94,19.94,19.93,19.93,19.93,19.94,19.95,19.96,19.97,19.97,19.99,19.97,19.98,20,20.02,20.03,20.03,20.03,20.03,20.03,20.02,20.03,20.04,
1982,,20.08,20.11,20.12,20.12,20.11,20.11,20.1,20.11,20.1,20.1,20.1,20.1,20.1,20.11,20.12,20.13,20.13,20.13,20.11,20.11,20.1,20.09,20.08,20.06,20.07,20.07,20.07,20.07,20.08,20.07,20.08,20.09,20.1,20.11,20.12,20.13,20.12,20.12,20.14,20.15,20.15,20.14,20.13,20.12,20.11,20.1,20.1,20.13,20.14,20.15,20.15,20.15,20.14,20.13,20.13,20.13,20.13,20.12,20.13,20.16,20.18,20.19,20.19,20.18,20.17,20.18,20.18,20.17,20.17,20.2,20.21,20.22,20.22,20.22,20.21,20.22,20.24,20.26,20.27,20.25,20.25,20.25,20.24,20.23,20.22,20.2,20.2,20.18,20.17,20.17,20.21,20.23,20.22,20.19,20.18,20.17,20.18,20.19,20.21,20.21,20.19,20.17,20.18,20.18,20.18,20.19,20.2,20.2,20.22,20.22,20.24,20.27,20.26,20.23,20.19,20.16,20.13,20.12,20.13,20.16,20.2,20.2,20.19,20.18,20.16,20.14,20.12,20.12,20.14,20.14,20.14,20.13,20.15,20.17,20.18,20.19,20.18,20.16,20.15,20.14,20.13,20.13,20.15,20.16,20.15,20.14,20.13,20.14,20.14,20.15,20.15,20.14,20.12,20.09,20.07,20.08,20.07,20.06,20.04,20.03,20.01,20.01,20.02,20.02,20.01,19.98,19.95,19.94,19.93,19.93,19.95,19.96,19.97,19.96,19.96,19.96,19.96,19.95,19.95,19.96,19.96,19.98,19.97,19.95,19.94,19.92,19.93,19.96,19.99,19.99,20,20,19.99,19.98,19.98,19.98,19.96,19.92,19.91,19.91,19.93,19.95,19.96,19.97,19.98,19.99,19.99,19.99,19.99,19.97,19.95,19.95,19.94,19.93,19.95,19.97,20,20.01,20.01,20,20.01,20,20.01,20,20,19.99,20,20,20,20.01,20.03,20.04,20.04,20.04,20.03,20.03,20.02,20.02,20.01,20.01,20.01,20.01,20.01,20.02,20.05,20.06,20.06,20.06,20.07,20.08,20.09,20.1,20.1,20.08,20.06,20.05,20.05,20.07,20.06,20.05,20.05,20.04,20.03,20,19.97,19.96,19.94,19.93,19.94,19.93,19.93,19.96,19.97,20,20.02,20.02,20.03,20.03,20.01,20,20,19.99,19.96,19.95,19.95,19.95,19.98,20,20.02,20.02,20.01,20,19.99,19.95,19.93,19.91,19.9,19.9,19.88,19.87,19.87,19.87,19.86,19.87,19.88,19.91,19.92,19.93,19.93,19.92,19.9,19.89,19.89,19.87,19.86,19.86,19.85,19.85,19.84,19.84,19.86,19.87,19.89,19.89,19.89,19.89,19.88,19.87,19.87,19.87,19.87,19.89,19.91,19.91,19.92,19.92,19.93,19.93,19.92,19.94,19.95,19.99,20.01,20.01,20,20,20,19.98,19.98,20,20.01,20.03,20.04,20.05,20.05,20.06,20.05,20.05,20.06,20.07,20.06,20.06,20.06,20.05,20.07,
1983,,20.09,20.12,20.14,20.15,20.14,20.14,20.15,20.15,20.14,20.15,20.16,20.17,20.17,20.19,20.21,20.21,20.22,20.22,20.23,20.24,20.25,20.25,20.24,20.24,20.25,20.27,20.29,20.3,20.31,20.31,20.3,20.27,20.25,20.25,20.27,20.29,20.32,20.34,20.35,20.35,20.36,20.37,20.37,20.35,20.33,20.32,20.34,20.35,20.35,20.36,20.36,20.37,20.37,20.37,20.38,20.4,20.41,20.42,20.41,20.39,20.36,20.35,20.35,20.35,20.36,20.38,20.39,20.39,20.38,20.38,20.37,20.38,20.39,20.39,20.38,20.36,20.35,20.34,20.35,20.34,20.35,20.35,20.35,20.34,20.34,20.33,20.33,20.33,20.36,20.37,20.37,20.38,20.38,20.37,20.36,20.35,20.35,20.36,20.35,20.34,20.35,20.35,20.35,20.36,20.34,20.31,20.3,20.28,20.26,20.26,20.27,20.28,20.26,20.27,20.26,20.26,20.26,20.26,20.26,20.26,20.26,20.25,20.21,20.2,20.2,20.21,20.22,20.25,20.25,20.25,20.24,20.22,20.19,20.16,20.15,20.17,20.18,20.18,20.19,20.2,20.2,20.2,20.19,20.19,20.2,20.21,20.22,20.21,20.2,20.19,20.2,20.18,20.16,20.16,20.16,20.15,20.15,20.17,20.18,20.17,20.16,20.17,20.18,20.18,20.17,20.17,20.17,20.16,20.15,20.16,20.17,20.16,20.16,20.15,20.14,20.11,20.1,20.08,20.07,20.06,20.04,20.01,19.98,19.97,19.99,20,20.01,19.99,19.97,19.96,19.97,19.99,20.02,20.05,20.07,20.09,20.07,20.07,20.08,20.09,20.09,20.1,20.09,20.08,20.08,20.08,20.08,20.1,20.13,20.14,20.15,20.15,20.14,20.15,20.14,20.1,20.09,20.09,20.1,20.1,20.12,20.14,20.15,20.17,20.17,20.15,20.13,20.11,20.1,20.1,20.1,20.11,20.09,20.09,20.1,20.13,20.14,20.14,20.14,20.14,20.13,20.11,20.09,20.08,20.07,20.07,20.07,20.08,20.09,20.1,20.1,20.11,20.11,20.12,20.15,20.18,20.18,20.16,20.13,20.12,20.1,20.08,20.08,20.08,20.08,20.07,20.07,20.07,20.04,20,19.98,19.97,19.97,19.95,19.94,19.94,19.96,19.99,20.01,20.01,20.01,20.01,20.02,20.02,20.02,20.03,20.03,20.02,20,19.97,19.94,19.91,19.9,19.91,19.9,19.89,19.88,19.88,19.87,19.87,19.85,19.85,19.86,19.88,19.89,19.91,19.94,19.96,19.96,19.95,19.93,19.91,19.89,19.9,19.9,19.9,19.9,19.88,19.88,19.87,19.87,19.87,19.85,19.84,19.83,19.83,19.84,19.85,19.86,19.87,19.89,19.91,19.91,19.91,19.89,19.9,19.9,19.91,19.93,19.96,19.97,19.97,19.96,19.97,19.97,19.98,19.97,19.98,19.98,19.96,19.94,19.94,19.93,19.92,19.92,19.93,19.95,19.95,19.95,19.94,19.92,19.93,19.95,19.94,19.94,
1984,,19.96,19.98,19.99,20.03,20.06,20.07,20.09,20.09,20.09,20.08,20.09,20.09,20.08,20.07,20.08,20.06,20.05,20.04,20.04,20.06,20.08,20.08,20.07,20.08,20.09,20.1,20.12,20.12,20.14,20.16,20.16,20.16,20.17,20.19,20.19,20.18,20.18,20.18,20.19,20.19,20.2,20.2,20.23,20.23,20.22,20.22,20.23,20.23,20.23,20.23,20.23,20.23,20.23,20.23,20.25,20.25,20.26,20.25,20.24,20.22,20.21,20.18,20.17,20.17,20.18,20.2,20.22,20.23,20.23,20.24,20.26,20.27,20.27,20.28,20.28,20.27,20.26,20.26,20.28,20.29,20.28,20.27,20.27,20.26,20.24,20.23,20.23,20.24,20.22,20.23,20.24,20.26,20.27,20.28,20.28,20.28,20.26,20.26,20.26,20.25,20.26,20.23,20.22,20.22,20.22,20.21,20.18,20.17,20.17,20.18,20.18,20.17,20.17,20.15,20.15,20.15,20.15,20.14,20.13,20.12,20.1,20.08,20.08,20.08,20.09,20.12,20.12,20.12,20.13,20.14,20.15,20.18,20.19,20.17,20.16,20.14,20.12,20.1,20.09,20.08,20.06,20.06,20.05,20.06,20.06,20.05,20.04,20.03,20.01,19.99,19.99,19.97,19.96,19.96,19.97,19.97,19.96,19.95,19.93,19.92,19.93,19.94,19.94,19.96,19.98,19.99,19.99,19.99,19.99,20,20.01,20,20,19.99,19.98,19.97,19.97,19.96,19.96,19.97,19.96,19.96,19.95,19.95,19.95,19.96,19.95,19.94,19.93,19.91,19.91,19.92,19.93,19.94,19.96,19.96,19.96,19.95,19.97,19.99,20.02,20.03,20.03,20.03,20.01,20,19.99,19.99,19.99,20,20.01,19.99,19.97,19.97,19.97,19.97,19.97,19.96,19.94,19.93,19.96,19.97,19.98,20,20.03,20.07,20.1,20.12,20.11,20.11,20.11,20.1,20.09,20.08,20.08,20.08,20.08,20.07,20.08,20.11,20.14,20.18,20.19,20.19,20.18,20.16,20.15,20.14,20.11,20.1,20.1,20.09,20.08,20.1,20.14,20.15,20.13,20.1,20.08,20.07,20.08,20.08,20.07,20.05,20.06,20.06,20.06,20.06,20.05,20.03,20,19.99,19.96,19.93,19.93,19.94,19.94,19.95,19.93,19.9,19.89,19.87,19.85,19.84,19.84,19.85,19.87,19.87,19.88,19.88,19.87,19.85,19.82,19.8,19.78,19.77,19.77,19.75,19.75,19.74,19.75,19.77,19.77,19.77,19.77,19.79,19.8,19.81,19.84,19.86,19.86,19.87,19.86,19.85,19.85,19.86,19.86,19.85,19.86,19.86,19.85,19.84,19.8,19.79,19.79,19.76,19.72,19.71,19.72,19.73,19.74,19.75,19.77,19.79,19.8,19.81,19.81,19.81,19.81,19.8,19.8,19.8,19.8,19.83,19.83,19.83,19.84,19.83,19.78,19.74,19.79,19.83,19.85,19.86,19.87,19.85,19.84,19.83,19.84,19.84,19.85,19.86,19.87,19.87,19.86,19.85
1985,,19.86,19.88,19.92,19.99,20.06,20.1,20.13,20.15,20.09,19.97,19.93,19.92,19.91,19.91,19.9,19.89,19.88,19.88,19.89,19.91,19.92,19.92,19.93,19.94,19.93,19.93,19.94,19.94,19.95,19.96,19.97,20,20.02,20.04,20.04,20.06,20.08,20.09,20.09,20.1,20.11,20.1,20.09,20.09,20.1,20.11,20.11,20.1,20.09,20.08,20.05,20.04,20.04,20.05,20.06,20.07,20.07,20.09,20.1,20.13,20.14,20.14,20.14,20.12,20.08,20.06,20.05,20.07,20.07,20.09,20.09,20.1,20.1,20.12,20.14,20.14,20.14,20.14,20.15,20.15,20.17,20.17,20.16,20.14,20.13,20.14,20.14,20.14,20.14,20.15,20.15,20.14,20.13,20.13,20.13,20.13,20.13,20.12,20.09,20.05,20.03,20.01,20,19.99,19.98,19.98,19.99,20.01,20.01,19.99,19.98,19.99,20,20.02,20.02,20.03,20.04,20.03,20.04,20.03,20.04,20.05,20.05,20.04,20.05,20.05,20.06,20.06,20.08,20.07,20.06,20.05,20.03,20,19.98,19.99,19.97,19.97,19.97,19.97,19.96,19.93,19.91,19.91,19.9,19.89,19.88,19.86,19.86,19.86,19.87,19.88,19.88,19.88,19.89,19.9,19.9,19.91,19.92,19.92,19.93,19.93,19.93,19.92,19.93,19.89,19.88,19.86,19.84,19.83,19.82,19.81,19.81,19.81,19.8,19.79,19.8,19.81,19.81,19.82,19.81,19.8,19.79,19.8,19.81,19.83,19.83,19.83,19.82,19.82,19.85,19.86,19.88,19.88,19.87,19.88,19.91,19.94,19.97,19.99,20,20.01,19.99,19.99,19.99,20,19.99,20,19.99,19.98,19.97,19.95,19.92,19.91,19.9,19.9,19.9,19.9,19.89,19.9,19.9,19.89,19.88,19.88,19.88,19.89,19.89,19.89,19.89,19.9,19.89,19.87,19.87,19.87,19.89,19.91,19.91,19.92,19.92,19.94,19.96,19.96,19.95,19.95,19.95,19.95,19.95,19.95,19.95,19.94,19.92,19.92,19.91,19.91,19.91,19.9,19.91,19.91,19.91,19.9,19.89,19.87,19.85,19.85,19.86,19.88,19.88,19.89,19.89,19.9,19.89,19.89,19.89,19.89,19.87,19.85,19.83,19.81,19.8,19.79,19.78,19.78,19.78,19.77,19.79,19.79,19.79,19.79,19.78,19.78,19.78,19.8,19.8,19.82,19.83,19.83,19.84,19.83,19.83,19.82,19.81,19.8,19.79,19.79,19.79,19.79,19.79,19.78,19.77,19.76,19.76,19.75,19.73,19.71,19.7,19.71,19.69,19.68,19.68,19.66,19.66,19.65,19.66,19.66,19.68,19.69,19.71,19.74,19.75,19.75,19.75,19.76,19.78,19.79,19.8,19.81,19.8,19.79,19.79,19.79,19.79,19.79,19.79,19.8,19.8,19.79,19.78,19.78,19.77,19.77,19.78,19.79,19.82,19.82,19.8,19.8,19.79,19.79,19.81,19.83,19.85,19.87,19.87,19.88,19.9,
1986,,19.89,19.89,19.88,19.87,19.88,19.88,19.88,19.88,19.88,19.88,19.88,19.88,19.9,19.89,19.9,19.91,19.92,19.93,19.94,19.94,19.94,19.94,19.94,19.95,19.94,19.94,19.95,19.94,19.95,19.95,19.96,19.97,19.99,20.01,20.03,20.03,20.04,20.05,20.07,20.07,20.08,20.08,20.1,20.11,20.12,20.12,20.11,20.1,20.09,20.09,20.1,20.1,20.12,20.12,20.13,20.13,20.14,20.14,20.13,20.12,20.13,20.12,20.13,20.13,20.14,20.14,20.13,20.13,20.13,20.14,20.15,20.14,20.15,20.15,20.16,20.16,20.16,20.16,20.16,20.15,20.15,20.16,20.17,20.16,20.15,20.15,20.14,20.14,20.13,20.14,20.16,20.16,20.15,20.14,20.14,20.16,20.17,20.16,20.14,20.13,20.12,20.11,20.12,20.13,20.14,20.13,20.12,20.11,20.1,20.09,20.07,20.05,20.04,20.04,20.04,20.04,20.05,20.05,20.04,20.03,20.04,20.06,20.08,20.1,20.1,20.09,20.07,20.07,20.06,20.05,20.04,20.03,20.02,20,19.99,19.99,19.98,19.98,19.96,19.96,19.96,19.98,19.99,19.99,19.99,19.98,19.98,19.98,19.99,19.99,19.99,19.98,19.97,19.96,19.97,19.97,19.96,19.96,19.97,19.97,19.97,19.97,19.97,19.98,19.98,19.99,20,20,20,20,20,20.01,20,20.01,20.02,20.02,20.04,20.04,20.05,20.04,20.02,19.99,19.96,19.94,19.93,19.92,19.92,19.92,19.93,19.93,19.93,19.93,19.94,19.94,19.94,19.95,19.95,19.96,19.96,19.96,19.96,19.97,19.98,20,20.01,20.01,20.01,20,19.99,19.98,19.98,19.99,19.99,19.99,19.98,19.97,19.96,19.97,19.97,19.98,19.99,19.99,19.99,19.99,19.98,19.98,19.98,19.97,19.97,19.97,19.97,19.97,19.98,19.99,20,19.99,20,20.01,20.01,20.02,20.03,20.04,20.04,20.03,20.03,20.02,20.02,20.01,20,19.99,19.98,19.98,19.98,19.98,20,20.02,20.03,20.01,20,20,20,20.01,20.02,20.03,20.04,20.05,20.05,20.06,20.06,20.07,20.06,20.05,20.03,20,19.99,19.99,20,20,19.99,19.99,19.98,19.98,19.97,19.95,19.95,19.95,19.95,19.94,19.94,19.93,19.93,19.93,19.92,19.92,19.92,19.93,19.94,19.94,19.93,19.93,19.92,19.91,19.91,19.91,19.91,19.91,19.91,19.91,19.91,19.9,19.89,19.86,19.85,19.86,19.86,19.86,19.85,19.84,19.84,19.84,19.83,19.84,19.84,19.86,19.87,19.88,19.88,19.88,19.89,19.88,19.88,19.87,19.88,19.86,19.85,19.86,19.87,19.87,19.88,19.89,19.88,19.87,19.86,19.86,19.87,19.88,19.88,19.89,19.89,19.88,19.87,19.87,19.85,19.84,19.85,19.88,19.89,19.9,19.92,19.94,19.96,19.96,19.96,19.97,19.97,
1987,,19.98,19.99,20,20.01,20,19.99,19.99,19.99,20.01,20.01,20,19.99,19.99,20,20.02,20.02,20.02,20.03,20.04,20.06,20.08,20.09,20.09,20.08,20.08,20.09,20.1,20.11,20.14,20.16,20.17,20.19,20.19,20.18,20.18,20.18,20.18,20.18,20.19,20.2,20.2,20.2,20.21,20.2,20.19,20.19,20.2,20.2,20.2,20.2,20.19,20.2,20.19,20.2,20.19,20.17,20.19,20.22,20.23,20.23,20.23,20.23,20.24,20.25,20.26,20.28,20.32,20.35,20.36,20.36,20.37,20.38,20.38,20.39,20.39,20.38,20.36,20.34,20.35,20.36,20.35,20.33,20.33,20.32,20.31,20.32,20.31,20.31,20.3,20.29,20.27,20.26,20.26,20.27,20.27,20.27,20.26,20.25,20.25,20.27,20.28,20.3,20.3,20.29,20.29,20.3,20.3,20.29,20.28,20.27,20.26,20.26,20.26,20.25,20.23,20.22,20.21,20.21,20.22,20.23,20.22,20.22,20.22,20.22,20.21,20.2,20.2,20.19,20.18,20.16,20.14,20.13,20.13,20.15,20.16,20.16,20.16,20.16,20.16,20.16,20.17,20.17,20.15,20.14,20.15,20.15,20.16,20.16,20.16,20.16,20.13,20.11,20.09,20.08,20.08,20.09,20.1,20.09,20.08,20.07,20.05,20.05,20.05,20.04,20.05,20.04,20.03,20.02,20.01,20.02,20.03,20.03,20.04,20.04,20.05,20.06,20.08,20.09,20.1,20.11,20.1,20.11,20.11,20.12,20.14,20.14,20.13,20.12,20.13,20.15,20.16,20.16,20.16,20.16,20.16,20.15,20.14,20.14,20.14,20.14,20.14,20.14,20.15,20.15,20.15,20.16,20.16,20.17,20.18,20.2,20.2,20.19,20.16,20.15,20.15,20.16,20.16,20.18,20.2,20.2,20.2,20.22,20.23,20.23,20.23,20.24,20.25,20.25,20.23,20.23,20.24,20.26,20.26,20.26,20.24,20.24,20.24,20.24,20.24,20.25,20.26,20.27,20.27,20.25,20.24,20.22,20.21,20.21,20.22,20.21,20.21,20.21,20.21,20.22,20.23,20.24,20.22,20.2,20.21,20.22,20.24,20.25,20.25,20.25,20.24,20.21,20.2,20.21,20.22,20.21,20.21,20.19,20.17,20.17,20.14,20.12,20.11,20.11,20.11,20.11,20.1,20.1,20.08,20.06,20.04,20.02,20.02,20.02,20.01,20,20,19.99,19.99,19.99,20,20.02,20.03,20.04,20.04,20.05,20.04,20.03,20.02,20.02,20.03,20.03,20.03,20.04,20.03,20.03,20.03,20.02,20.02,20.02,20.02,20.03,20.02,20.02,20.02,20.01,20.02,20.02,20.01,20.02,20.03,20.04,20.03,20.04,20.05,20.06,20.05,20.04,20.04,20.03,20.03,20.05,20.06,20.06,20.05,20.04,20.04,20.04,20.04,20.04,20.04,20.04,20.06,20.07,20.07,20.06,20.06,20.05,20.04,20.05,20.06,20.06,20.06,20.06,20.08,20.09,20.09,20.1,20.1,20.11,20.11,
1988,,20.12,20.13,20.16,20.17,20.19,20.21,20.23,20.24,20.22,20.21,20.21,20.21,20.21,20.22,20.24,20.25,20.26,20.28,20.28,20.29,20.28,20.27,20.27,20.26,20.28,20.29,20.31,20.31,20.3,20.3,20.3,20.29,20.29,20.31,20.32,20.34,20.34,20.35,20.36,20.37,20.39,20.41,20.42,20.44,20.46,20.46,20.46,20.44,20.43,20.43,20.41,20.41,20.41,20.41,20.42,20.42,20.41,20.4,20.4,20.4,20.39,20.38,20.4,20.4,20.41,20.41,20.42,20.43,20.44,20.45,20.44,20.44,20.44,20.45,20.45,20.45,20.43,20.4,20.37,20.36,20.35,20.35,20.36,20.37,20.38,20.38,20.39,20.4,20.38,20.35,20.34,20.34,20.35,20.37,20.38,20.38,20.38,20.4,20.39,20.37,20.36,20.35,20.34,20.32,20.31,20.3,20.31,20.31,20.31,20.31,20.32,20.31,20.3,20.29,20.28,20.28,20.29,20.29,20.29,20.28,20.26,20.22,20.18,20.17,20.17,20.15,20.16,20.16,20.18,20.2,20.21,20.21,20.22,20.22,20.23,20.22,20.22,20.21,20.21,20.2,20.19,20.18,20.16,20.16,20.14,20.15,20.15,20.13,20.13,20.11,20.1,20.09,20.09,20.09,20.08,20.08,20.08,20.07,20.07,20.09,20.11,20.15,20.17,20.17,20.17,20.15,20.13,20.12,20.1,20.08,20.08,20.08,20.08,20.1,20.11,20.08,20.06,20.05,20.05,20.05,20.04,20.03,20.02,20.02,20.02,20.02,20,20,20.01,20.01,20.01,20,20.01,20.02,20.02,20.02,20.04,20.04,20.04,20.05,20.05,20.05,20.06,20.07,20.08,20.08,20.09,20.09,20.09,20.1,20.1,20.09,20.09,20.08,20.07,20.07,20.09,20.1,20.1,20.09,20.08,20.09,20.1,20.09,20.08,20.06,20.06,20.06,20.07,20.09,20.09,20.09,20.1,20.12,20.14,20.14,20.14,20.13,20.13,20.15,20.15,20.15,20.14,20.12,20.11,20.11,20.11,20.11,20.11,20.13,20.12,20.12,20.12,20.11,20.1,20.08,20.06,20.05,20.04,20.04,20.03,20.04,20.05,20.08,20.06,20.01,19.96,19.94,19.92,19.92,19.92,19.93,19.94,19.94,19.94,19.94,19.96,19.96,19.95,19.94,19.95,19.95,19.94,19.95,19.97,19.99,19.98,19.97,19.95,19.93,19.92,19.91,19.9,19.9,19.89,19.91,19.92,19.92,19.91,19.89,19.88,19.87,19.87,19.87,19.86,19.83,19.81,19.79,19.78,19.77,19.76,19.77,19.81,19.82,19.82,19.8,19.78,19.79,19.8,19.8,19.8,19.8,19.78,19.76,19.74,19.73,19.73,19.73,19.73,19.72,19.73,19.74,19.73,19.72,19.72,19.72,19.73,19.75,19.76,19.76,19.74,19.74,19.73,19.72,19.72,19.72,19.72,19.73,19.74,19.76,19.79,19.8,19.8,19.79,19.8,19.82,19.85,19.87,19.88,19.9,19.9,19.91,19.9,19.88,19.86,19.85
1989,,19.86,19.86,19.87,19.89,19.9,19.92,19.93,19.93,19.95,19.96,19.97,20,20.01,20.01,20.02,20.02,20.02,20.03,20.04,20.04,20.05,20.06,20.05,20.04,20.04,20.04,20.03,20.04,20.04,20.06,20.07,20.07,20.06,20.06,20.07,20.07,20.09,20.1,20.1,20.09,20.1,20.09,20.07,20.08,20.09,20.1,20.12,20.14,20.14,20.14,20.15,20.16,20.16,20.16,20.16,20.13,20.12,20.13,20.14,20.16,20.18,20.18,20.19,20.19,20.19,20.19,20.19,20.19,20.18,20.17,20.16,20.15,20.15,20.15,20.17,20.18,20.19,20.2,20.2,20.19,20.19,20.19,20.2,20.21,20.23,20.23,20.23,20.22,20.21,20.2,20.17,20.14,20.12,20.11,20.12,20.12,20.13,20.14,20.15,20.14,20.15,20.15,20.15,20.14,20.15,20.15,20.15,20.17,20.2,20.22,20.23,20.22,20.2,20.19,20.18,20.17,20.18,20.19,20.19,20.18,20.18,20.17,20.17,20.17,20.15,20.15,20.15,20.14,20.14,20.12,20.11,20.09,20.09,20.08,20.07,20.07,20.06,20.05,20.05,20.06,20.08,20.08,20.08,20.08,20.08,20.08,20.06,20.04,20.02,19.99,19.97,19.95,19.96,19.96,19.97,19.99,20.01,20.02,20.01,20,20,20,19.99,20,20.01,20.02,20.02,20.02,20.02,20,19.99,19.98,19.99,19.99,19.99,20,20,20,20.01,20.03,20.02,19.99,19.97,19.98,19.98,19.99,20.01,20.03,20.04,20.05,20.06,20.07,20.08,20.1,20.11,20.11,20.11,20.12,20.12,20.12,20.13,20.12,20.12,20.13,20.14,20.15,20.14,20.13,20.13,20.12,20.11,20.1,20.08,20.06,20.05,20.05,20.06,20.07,20.08,20.1,20.11,20.12,20.13,20.12,20.12,20.11,20.1,20.1,20.08,20.07,20.06,20.07,20.09,20.11,20.13,20.13,20.14,20.14,20.14,20.15,20.15,20.13,20.12,20.1,20.09,20.09,20.08,20.09,20.08,20.08,20.07,20.06,20.05,20.05,20.04,20.05,20.06,20.08,20.08,20.09,20.09,20.1,20.1,20.1,20.09,20.08,20.07,20.06,20.05,20.03,20,19.99,19.99,19.98,19.98,19.95,19.93,19.92,19.92,19.91,19.91,19.9,19.9,19.89,19.88,19.88,19.89,19.89,19.89,19.9,19.88,19.88,19.88,19.89,19.89,19.88,19.87,19.87,19.88,19.87,19.88,19.89,19.89,19.9,19.92,19.92,19.91,19.91,19.89,19.88,19.88,19.88,19.88,19.88,19.88,19.88,19.88,19.88,19.87,19.88,19.87,19.86,19.86,19.85,19.85,19.85,19.86,19.86,19.86,19.86,19.85,19.85,19.87,19.9,19.91,19.91,19.9,19.9,19.89,19.89,19.9,19.92,19.93,19.94,19.94,19.94,19.93,19.91,19.9,19.89,19.87,19.87,19.86,19.86,19.87,19.88,19.9,19.92,19.93,19.94,19.95,19.96,19.96,19.97,19.97,
1990,,19.98,19.99,19.99,20,20,20,20,20,20,20.01,20.02,20.03,20.03,20.05,20.08,20.1,20.1,20.09,20.1,20.1,20.09,20.09,20.09,20.09,20.12,20.13,20.13,20.15,20.16,20.16,20.15,20.15,20.16,20.18,20.2,20.22,20.22,20.24,20.25,20.26,20.26,20.3,20.31,20.32,20.32,20.32,20.32,20.31,20.32,20.34,20.35,20.37,20.37,20.37,20.37,20.37,20.37,20.35,20.33,20.3,20.31,20.32,20.33,20.33,20.32,20.32,20.3,20.3,20.29,20.28,20.28,20.28,20.28,20.28,20.29,20.31,20.33,20.35,20.36,20.37,20.38,20.36,20.35,20.36,20.36,20.36,20.36,20.36,20.35,20.35,20.36,20.38,20.38,20.38,20.36,20.34,20.34,20.34,20.33,20.32,20.32,20.32,20.31,20.31,20.32,20.33,20.33,20.33,20.33,20.32,20.31,20.32,20.32,20.32,20.32,20.33,20.34,20.34,20.36,20.36,20.35,20.32,20.32,20.31,20.3,20.29,20.27,20.25,20.25,20.27,20.27,20.26,20.26,20.25,20.25,20.25,20.24,20.22,20.23,20.23,20.23,20.23,20.24,20.25,20.24,20.24,20.23,20.21,20.2,20.18,20.17,20.15,20.14,20.12,20.12,20.11,20.09,20.08,20.07,20.05,20.06,20.06,20.06,20.06,20.06,20.06,20.05,20.06,20.06,20.05,20.05,20.05,20.06,20.08,20.09,20.1,20.11,20.11,20.11,20.11,20.12,20.13,20.12,20.1,20.1,20.1,20.09,20.08,20.08,20.08,20.09,20.08,20.07,20.06,20.07,20.08,20.1,20.12,20.14,20.16,20.15,20.16,20.17,20.2,20.21,20.21,20.21,20.21,20.21,20.22,20.22,20.22,20.23,20.23,20.22,20.22,20.23,20.23,20.22,20.21,20.22,20.21,20.19,20.2,20.2,20.2,20.2,20.19,20.17,20.16,20.17,20.15,20.15,20.15,20.15,20.14,20.14,20.14,20.14,20.14,20.14,20.15,20.15,20.14,20.14,20.14,20.14,20.13,20.14,20.14,20.13,20.12,20.11,20.1,20.1,20.11,20.12,20.13,20.14,20.15,20.15,20.13,20.12,20.12,20.12,20.12,20.14,20.14,20.13,20.13,20.14,20.14,20.13,20.12,20.12,20.12,20.1,20.07,20.05,20.03,20.04,20.04,20.02,20.01,20.02,20.04,20.04,20.03,20.02,20.02,20.03,20.04,20.05,20.07,20.09,20.1,20.12,20.12,20.1,20.08,20.05,20.04,20.03,20.03,20.03,20.03,20.03,20.02,20.01,19.99,19.98,19.96,19.95,19.95,19.94,19.93,19.93,19.92,19.93,19.94,19.93,19.94,19.95,19.94,19.92,19.92,19.92,19.93,19.92,19.91,19.92,19.93,19.93,19.95,19.97,19.99,20.01,20,20,20,20,20.02,20.03,20.05,20.05,20.04,20.03,20.02,20.01,20.01,20.02,20.02,20.04,20.05,20.04,20.04,20.04,20.04,20.04,20.03,20.04,20.04,20.06,20.08,20.07,
1991,,20.05,20.03,20.04,20.04,20.04,20.05,20.06,20.08,20.1,20.14,20.17,20.18,20.18,20.18,20.17,20.16,20.16,20.15,20.16,20.16,20.16,20.14,20.14,20.14,20.14,20.15,20.16,20.17,20.18,20.18,20.19,20.21,20.23,20.24,20.25,20.27,20.29,20.31,20.32,20.34,20.35,20.35,20.34,20.33,20.34,20.35,20.35,20.34,20.34,20.33,20.33,20.32,20.3,20.3,20.29,20.28,20.29,20.31,20.32,20.31,20.29,20.29,20.29,20.29,20.29,20.29,20.3,20.31,20.32,20.33,20.34,20.34,20.35,20.36,20.36,20.36,20.36,20.36,20.37,20.35,20.35,20.34,20.34,20.36,20.36,20.37,20.38,20.38,20.38,20.39,20.39,20.38,20.37,20.36,20.36,20.36,20.36,20.35,20.34,20.33,20.33,20.33,20.33,20.35,20.36,20.38,20.39,20.38,20.36,20.36,20.36,20.37,20.38,20.38,20.37,20.38,20.38,20.39,20.41,20.42,20.4,20.39,20.4,20.37,20.35,20.33,20.32,20.32,20.29,20.28,20.27,20.26,20.24,20.23,20.23,20.21,20.21,20.21,20.22,20.23,20.24,20.23,20.24,20.23,20.23,20.24,20.26,20.26,20.25,20.25,20.25,20.24,20.23,20.22,20.2,20.18,20.15,20.12,20.11,20.1,20.09,20.07,20.06,20.06,20.06,20.09,20.17,20.18,20.17,20.16,20.15,20.14,20.12,20.11,20.11,20.11,20.11,20.11,20.11,20.11,20.14,20.17,20.17,20.15,20.16,20.15,20.14,20.14,20.13,20.12,20.12,20.12,20.13,20.15,20.16,20.17,20.18,20.18,20.17,20.16,20.15,20.16,20.17,20.18,20.19,20.19,20.19,20.19,20.21,20.2,20.2,20.21,20.21,20.21,20.2,20.19,20.16,20.15,20.13,20.12,20.12,20.12,20.11,20.12,20.14,20.15,20.15,20.15,20.15,20.15,20.15,20.14,20.13,20.14,20.14,20.15,20.15,20.15,20.15,20.14,20.13,20.13,20.15,20.17,20.18,20.18,20.18,20.17,20.16,20.13,20.12,20.11,20.09,20.09,20.09,20.09,20.08,20.08,20.08,20.09,20.1,20.1,20.11,20.12,20.11,20.1,20.08,20.06,20.03,20.01,19.99,19.97,19.98,20.01,20.02,20.03,20.04,20.04,20.04,20.03,20.02,20.03,20.02,20,19.99,19.97,19.94,19.91,19.91,19.92,19.92,19.92,19.92,19.91,19.91,19.92,19.92,19.91,19.91,19.9,19.89,19.87,19.87,19.88,19.9,19.9,19.9,19.9,19.89,19.88,19.87,19.86,19.88,19.89,19.89,19.9,19.9,19.88,19.87,19.85,19.86,19.86,19.84,19.84,19.84,19.84,19.85,19.86,19.85,19.85,19.86,19.86,19.87,19.88,19.91,19.94,19.95,19.94,19.96,19.96,19.96,19.95,19.95,19.94,19.93,19.92,19.91,19.92,19.94,19.95,19.95,19.97,20,19.99,19.98,19.99,20.01,20.02,20.03,20.04,20.05,20.07,20.08,20.08,20.08,
1992,,20.07,20.08,20.07,20.06,20.06,20.06,20.06,20.07,20.08,20.09,20.1,20.11,20.11,20.09,20.07,20.09,20.1,20.1,20.11,20.11,20.12,20.13,20.13,20.14,20.14,20.15,20.17,20.19,20.19,20.19,20.2,20.21,20.23,20.25,20.25,20.25,20.26,20.28,20.3,20.32,20.33,20.33,20.32,20.3,20.29,20.28,20.29,20.31,20.32,20.32,20.31,20.3,20.29,20.28,20.28,20.26,20.25,20.23,20.21,20.2,20.21,20.21,20.22,20.22,20.22,20.22,20.24,20.26,20.27,20.28,20.29,20.31,20.31,20.32,20.33,20.35,20.35,20.36,20.35,20.36,20.35,20.36,20.36,20.35,20.35,20.35,20.35,20.34,20.33,20.34,20.33,20.33,20.32,20.32,20.31,20.3,20.3,20.3,20.31,20.31,20.3,20.29,20.28,20.28,20.27,20.25,20.25,20.25,20.25,20.25,20.25,20.25,20.25,20.27,20.28,20.3,20.3,20.29,20.29,20.28,20.27,20.27,20.26,20.27,20.27,20.27,20.24,20.22,20.19,20.17,20.16,20.16,20.16,20.18,20.21,20.23,20.25,20.26,20.26,20.25,20.24,20.23,20.22,20.22,20.22,20.21,20.2,20.19,20.19,20.2,20.19,20.17,20.14,20.11,20.11,20.11,20.09,20.08,20.07,20.07,20.07,20.07,20.06,20.04,20.05,20.04,20.03,20.04,20.04,20.05,20.06,20.06,20.07,20.07,20.06,20.06,20.05,20.04,20.04,20.04,20.03,20.03,20.02,20.01,20.01,20.02,20.02,20.03,20.04,20.04,20.04,20.03,20.02,20.02,20.01,20.01,20.01,20.01,20.01,20,20,20,20.01,20.01,19.99,19.98,19.99,19.99,19.99,20.01,20.03,20.03,20.02,20.01,20.01,20.01,20.01,20.02,20.01,20.02,20.03,20.03,20.02,20.01,20.01,20.01,20.02,20.02,20.02,20.02,20.02,20.02,20.03,20.04,20.03,20.03,20.03,20.05,20.07,20.08,20.08,20.08,20.07,20.05,20.03,20.02,20.02,20.03,20.03,20.03,20.02,20.03,20.05,20.06,20.06,20.06,20.05,20.05,20.06,20.07,20.07,20.06,20.04,20.02,20.01,20,19.99,19.98,19.97,19.97,19.98,19.99,19.98,19.96,19.93,19.91,19.9,19.9,19.9,19.9,19.89,19.88,19.86,19.85,19.81,19.79,19.78,19.76,19.75,19.75,19.77,19.78,19.79,19.81,19.83,19.83,19.82,19.82,19.84,19.84,19.84,19.85,19.85,19.84,19.83,19.81,19.8,19.81,19.82,19.82,19.82,19.8,19.8,19.79,19.79,19.77,19.76,19.76,19.76,19.77,19.78,19.78,19.78,19.78,19.79,19.8,19.81,19.83,19.85,19.86,19.86,19.86,19.86,19.86,19.84,19.8,19.79,19.8,19.81,19.83,19.83,19.84,19.84,19.85,19.86,19.85,19.84,19.84,19.85,19.86,19.87,19.87,19.87,19.86,19.87,19.89,19.9,19.91,19.93,19.94,19.94,19.95,19.96,19.96,19.96,19.96
1993,,19.95,19.97,20,20.03,20.06,20.07,20.07,20.08,20.08,20.09,20.1,20.12,20.14,20.15,20.14,20.13,20.13,20.13,20.13,20.13,20.13,20.13,20.13,20.13,20.13,20.13,20.14,20.13,20.15,20.17,20.18,20.18,20.18,20.18,20.17,20.16,20.15,20.13,20.14,20.15,20.17,20.19,20.2,20.21,20.22,20.24,20.24,20.25,20.27,20.28,20.29,20.29,20.29,20.3,20.3,20.3,20.27,20.27,20.27,20.27,20.25,20.24,20.23,20.23,20.22,20.22,20.22,20.23,20.23,20.24,20.25,20.26,20.27,20.27,20.27,20.27,20.28,20.28,20.27,20.28,20.31,20.33,20.34,20.35,20.36,20.38,20.38,20.37,20.35,20.33,20.3,20.28,20.26,20.25,20.23,20.21,20.21,20.21,20.21,20.2,20.2,20.21,20.22,20.22,20.23,20.24,20.25,20.25,20.25,20.24,20.23,20.22,20.22,20.21,20.19,20.18,20.18,20.2,20.21,20.21,20.2,20.18,20.17,20.17,20.17,20.17,20.16,20.16,20.16,20.17,20.17,20.18,20.19,20.2,20.2,20.2,20.19,20.18,20.17,20.17,20.18,20.17,20.16,20.15,20.15,20.14,20.12,20.1,20.09,20.08,20.07,20.08,20.08,20.09,20.09,20.08,20.06,20.05,20.04,20.03,20.02,20.01,20.01,20,20,20,19.99,19.99,19.99,19.99,19.99,20,20.03,20.05,20.05,20.05,20.05,20.05,20.05,20.05,20.05,20.04,20.02,20.02,20.03,20.04,20.05,20.03,20.02,20.01,20,19.99,19.98,19.98,19.98,19.97,19.98,19.98,19.97,19.95,19.94,19.93,19.95,19.96,19.97,19.97,19.98,19.98,19.98,19.98,19.98,19.99,19.99,20,20.02,20.03,20.04,20.04,20.06,20.08,20.07,20.07,20.07,20.08,20.09,20.09,20.1,20.1,20.11,20.12,20.13,20.14,20.13,20.11,20.11,20.11,20.1,20.1,20.12,20.12,20.13,20.13,20.11,20.09,20.09,20.1,20.09,20.1,20.1,20.1,20.09,20.09,20.08,20.07,20.06,20.05,20.04,20.03,20.04,20.04,20.03,20.01,20,19.98,19.98,20,20.02,20.03,20.04,20.05,20.05,20.05,20.05,20.05,20.03,20,19.98,19.97,19.97,19.96,19.97,19.98,19.98,19.98,19.98,19.97,19.97,19.96,19.95,19.95,19.96,19.95,19.95,19.94,19.93,19.92,19.93,19.93,19.92,19.92,19.91,19.92,19.92,19.91,19.89,19.87,19.87,19.87,19.87,19.87,19.88,19.89,19.91,19.91,19.9,19.89,19.89,19.88,19.87,19.89,19.9,19.92,19.93,19.94,19.95,19.95,19.94,19.94,19.95,19.96,19.96,19.96,19.96,19.97,19.98,20,20,20,20.01,20.01,20.02,20.02,20.01,19.99,19.96,19.94,19.92,19.93,19.94,19.95,19.95,19.93,19.92,19.9,19.89,19.9,19.91,19.92,19.93,19.92,19.92,19.93,19.94,19.94,19.97,
1994,,20.01,20.05,20.07,20.08,20.09,20.09,20.09,20.09,20.08,20.07,20.07,20.07,20.07,20.07,20.08,20.09,20.08,20.08,20.07,20.05,20.04,20.05,20.06,20.07,20.08,20.09,20.09,20.09,20.09,20.1,20.11,20.09,20.1,20.11,20.12,20.13,20.14,20.14,20.14,20.13,20.13,20.13,20.12,20.12,20.12,20.12,20.12,20.12,20.12,20.13,20.14,20.13,20.13,20.14,20.15,20.17,20.17,20.19,20.21,20.23,20.24,20.25,20.25,20.26,20.27,20.29,20.3,20.31,20.31,20.31,20.31,20.33,20.32,20.32,20.31,20.31,20.3,20.29,20.29,20.28,20.28,20.27,20.25,20.24,20.24,20.25,20.26,20.27,20.28,20.29,20.29,20.28,20.27,20.27,20.28,20.27,20.26,20.24,20.22,20.21,20.19,20.17,20.16,20.16,20.16,20.17,20.17,20.17,20.18,20.19,20.2,20.21,20.22,20.25,20.25,20.24,20.23,20.23,20.23,20.23,20.23,20.25,20.26,20.26,20.25,20.25,20.26,20.26,20.26,20.24,20.23,20.22,20.2,20.18,20.17,20.16,20.15,20.14,20.13,20.14,20.15,20.15,20.14,20.14,20.13,20.13,20.12,20.11,20.1,20.1,20.1,20.09,20.07,20.05,20.02,20.01,19.99,19.97,19.97,19.96,19.95,19.96,19.98,19.99,20,20,20.02,20.01,20.02,20.02,20.01,20,20,20.01,20,20,20.01,20.01,20.02,20.03,20.03,20.02,20,20,20.01,20,19.99,19.98,19.98,19.98,19.99,20,20.01,20.03,20.04,20.03,20.04,20.06,20.08,20.1,20.11,20.11,20.12,20.13,20.14,20.13,20.12,20.1,20.09,20.08,20.07,20.08,20.08,20.08,20.08,20.09,20.11,20.12,20.15,20.17,20.18,20.19,20.19,20.21,20.24,20.25,20.25,20.25,20.25,20.24,20.25,20.25,20.24,20.22,20.21,20.2,20.21,20.21,20.21,20.21,20.21,20.2,20.2,20.21,20.22,20.21,20.2,20.19,20.16,20.14,20.12,20.11,20.1,20.1,20.11,20.09,20.04,19.97,19.95,19.94,19.95,19.95,19.97,19.99,19.99,19.99,19.99,19.99,19.99,19.99,19.98,19.99,20,20,20,20,20.02,20.03,20.03,20.04,20.05,20.07,20.06,20.05,20.03,20.02,20.01,20,19.99,19.98,19.98,19.98,19.99,19.99,19.99,19.99,19.99,19.99,19.99,19.99,20,20,20,20,19.98,19.97,19.95,19.95,19.94,19.94,19.93,19.93,19.93,19.93,19.93,19.94,19.94,19.93,19.94,19.95,19.96,19.96,19.96,19.97,19.98,19.99,19.99,20,20,20.01,20.01,20.01,20,20,19.99,19.98,19.98,19.98,19.96,19.95,19.94,19.93,19.93,19.93,19.93,19.93,19.94,19.94,19.95,19.95,19.96,19.97,19.99,20.01,20.02,20.03,20.06,20.08,20.1,20.11,20.13,20.14,20.15,20.16,20.17,
1995,,20.18,20.18,20.17,20.17,20.17,20.14,20.13,20.14,20.14,20.14,20.14,20.14,20.16,20.17,20.17,20.17,20.17,20.18,20.18,20.18,20.17,20.16,20.15,20.14,20.14,20.14,20.15,20.15,20.16,20.16,20.18,20.19,20.19,20.2,20.21,20.22,20.23,20.25,20.28,20.29,20.31,20.33,20.35,20.36,20.36,20.34,20.33,20.33,20.33,20.35,20.36,20.37,20.37,20.37,20.36,20.35,20.34,20.35,20.34,20.33,20.32,20.33,20.33,20.33,20.32,20.32,20.31,20.31,20.32,20.33,20.35,20.36,20.38,20.4,20.4,20.41,20.41,20.41,20.42,20.42,20.43,20.44,20.43,20.43,20.44,20.43,20.42,20.41,20.41,20.41,20.41,20.39,20.38,20.38,20.38,20.38,20.37,20.36,20.34,20.33,20.32,20.31,20.3,20.3,20.31,20.32,20.31,20.31,20.3,20.29,20.27,20.26,20.25,20.27,20.29,20.3,20.29,20.28,20.28,20.27,20.27,20.28,20.29,20.28,20.25,20.22,20.22,20.21,20.21,20.2,20.19,20.17,20.17,20.18,20.17,20.17,20.16,20.15,20.15,20.15,20.14,20.13,20.13,20.13,20.15,20.17,20.18,20.18,20.19,20.18,20.17,20.17,20.18,20.19,20.18,20.18,20.18,20.19,20.19,20.19,20.18,20.18,20.18,20.17,20.17,20.16,20.15,20.14,20.12,20.12,20.12,20.11,20.11,20.11,20.11,20.11,20.11,20.13,20.16,20.19,20.2,20.22,20.23,20.24,20.24,20.24,20.23,20.22,20.22,20.24,20.24,20.25,20.26,20.28,20.29,20.29,20.27,20.27,20.25,20.25,20.23,20.21,20.21,20.2,20.19,20.19,20.19,20.21,20.22,20.23,20.23,20.23,20.22,20.22,20.21,20.21,20.21,20.21,20.21,20.21,20.2,20.2,20.21,20.21,20.21,20.21,20.21,20.22,20.23,20.24,20.25,20.26,20.26,20.25,20.25,20.24,20.24,20.23,20.23,20.22,20.21,20.2,20.19,20.19,20.19,20.19,20.19,20.19,20.18,20.17,20.15,20.14,20.14,20.14,20.13,20.13,20.11,20.09,20.07,20.05,20.04,20.04,20.05,20.08,20.1,20.11,20.12,20.1,20.1,20.09,20.08,20.07,20.06,20.05,20.04,20.04,20.03,20.02,20.04,20.05,20.05,20.05,20.05,20.04,20.03,20.03,20.02,20.01,20.01,20,20.01,20.01,20,19.98,19.96,19.95,19.96,19.96,19.98,19.99,19.99,19.98,19.97,19.96,19.95,19.95,19.95,19.95,19.96,19.98,19.99,19.99,20,20,20,20,20,20.01,20.01,20.01,20.01,20.01,19.99,19.97,19.97,19.97,19.98,19.97,19.97,19.96,19.96,19.95,19.94,19.93,19.95,19.96,19.98,20,20,20,20,19.99,19.97,19.96,19.94,19.94,19.94,19.94,19.93,19.94,19.95,19.97,19.97,19.98,20,20.01,20.03,20.04,20.04,20.05,20.06,20.06,20.06,20.06,20.05,
1996,,20.04,20.04,20.04,20.04,20.03,20.05,20.06,20.06,20.06,20.06,20.07,20.06,20.06,20.07,20.07,20.08,20.1,20.09,20.09,20.09,20.1,20.11,20.1,20.1,20.1,20.11,20.11,20.13,20.15,20.17,20.19,20.2,20.21,20.22,20.25,20.27,20.28,20.29,20.29,20.28,20.27,20.26,20.25,20.25,20.25,20.26,20.26,20.27,20.28,20.3,20.31,20.32,20.33,20.35,20.34,20.34,20.34,20.33,20.34,20.35,20.37,20.37,20.36,20.36,20.35,20.34,20.34,20.35,20.34,20.33,20.33,20.33,20.32,20.32,20.33,20.34,20.35,20.35,20.36,20.38,20.39,20.39,20.4,20.4,20.39,20.37,20.36,20.34,20.33,20.33,20.33,20.34,20.35,20.34,20.34,20.34,20.33,20.32,20.32,20.32,20.31,20.3,20.28,20.28,20.28,20.28,20.27,20.27,20.27,20.27,20.28,20.28,20.28,20.27,20.27,20.27,20.27,20.27,20.27,20.27,20.25,20.23,20.23,20.22,20.22,20.22,20.2,20.17,20.16,20.15,20.15,20.17,20.18,20.18,20.17,20.18,20.17,20.18,20.18,20.18,20.18,20.18,20.19,20.18,20.18,20.17,20.18,20.19,20.18,20.17,20.15,20.14,20.14,20.13,20.12,20.11,20.1,20.08,20.09,20.09,20.1,20.1,20.12,20.13,20.13,20.13,20.12,20.13,20.12,20.13,20.11,20.1,20.1,20.1,20.12,20.13,20.13,20.13,20.13,20.13,20.13,20.12,20.12,20.12,20.11,20.13,20.14,20.14,20.12,20.1,20.07,20.05,20.05,20.05,20.06,20.07,20.07,20.06,20.04,20.03,20.03,20.04,20.06,20.08,20.09,20.09,20.09,20.09,20.1,20.11,20.11,20.1,20.07,20.04,20.04,20.05,20.06,20.07,20.08,20.1,20.11,20.12,20.12,20.13,20.14,20.16,20.16,20.16,20.17,20.18,20.19,20.2,20.19,20.18,20.17,20.16,20.15,20.15,20.14,20.15,20.15,20.15,20.17,20.17,20.17,20.17,20.17,20.17,20.17,20.17,20.17,20.17,20.16,20.15,20.13,20.12,20.11,20.11,20.11,20.11,20.08,20.05,20.03,20.02,20.02,20.02,20.01,20.01,20.02,20.02,20.01,19.99,19.97,19.96,19.97,19.96,19.95,19.95,19.96,19.98,20.01,20.02,20.02,20.02,20,20.01,20,19.99,20,20.01,20.02,20.01,20.01,19.99,19.96,19.94,19.93,19.92,19.9,19.89,19.88,19.88,19.89,19.91,19.92,19.91,19.9,19.89,19.86,19.84,19.82,19.82,19.82,19.84,19.86,19.87,19.88,19.89,19.89,19.9,19.91,19.92,19.93,19.92,19.92,19.91,19.9,19.88,19.87,19.87,19.89,19.9,19.91,19.93,19.94,19.94,19.94,19.95,19.95,19.94,19.94,19.94,19.95,19.94,19.95,19.96,19.97,19.98,19.99,19.99,19.99,20,20,19.99,19.98,19.97,19.97,19.97,19.96,19.97,19.96,19.96,19.94,19.93,19.94,19.94
1997,,19.94,19.94,19.94,19.94,19.95,19.96,19.99,20.01,20.02,20.02,20.02,20.04,20.06,20.07,20.09,20.09,20.1,20.11,20.12,20.12,20.12,20.13,20.13,20.15,20.17,20.18,20.18,20.2,20.21,20.22,20.22,20.24,20.25,20.25,20.26,20.25,20.25,20.25,20.26,20.28,20.28,20.28,20.28,20.28,20.28,20.28,20.27,20.26,20.26,20.27,20.27,20.27,20.28,20.31,20.34,20.35,20.34,20.34,20.33,20.32,20.33,20.35,20.36,20.37,20.37,20.37,20.37,20.38,20.37,20.36,20.36,20.36,20.37,20.38,20.4,20.43,20.45,20.46,20.47,20.47,20.46,20.46,20.44,20.43,20.42,20.4,20.38,20.38,20.35,20.33,20.31,20.29,20.3,20.3,20.31,20.3,20.29,20.29,20.29,20.29,20.29,20.29,20.3,20.3,20.31,20.32,20.33,20.33,20.33,20.33,20.32,20.33,20.33,20.32,20.32,20.3,20.28,20.27,20.27,20.26,20.27,20.27,20.29,20.29,20.29,20.27,20.26,20.27,20.3,20.31,20.31,20.31,20.32,20.31,20.3,20.28,20.28,20.27,20.28,20.27,20.28,20.28,20.28,20.27,20.25,20.25,20.25,20.26,20.26,20.26,20.24,20.23,20.24,20.23,20.24,20.23,20.23,20.23,20.25,20.26,20.26,20.27,20.26,20.25,20.25,20.25,20.25,20.24,20.23,20.23,20.24,20.25,20.26,20.27,20.28,20.26,20.26,20.26,20.27,20.27,20.27,20.27,20.26,20.25,20.25,20.25,20.26,20.27,20.27,20.27,20.28,20.28,20.29,20.3,20.31,20.31,20.3,20.29,20.28,20.29,20.29,20.29,20.28,20.29,20.29,20.29,20.3,20.31,20.3,20.3,20.3,20.31,20.31,20.32,20.34,20.35,20.34,20.33,20.33,20.32,20.33,20.34,20.34,20.33,20.34,20.33,20.32,20.31,20.31,20.29,20.29,20.3,20.3,20.3,20.31,20.32,20.33,20.33,20.34,20.36,20.37,20.39,20.41,20.42,20.44,20.45,20.44,20.43,20.42,20.4,20.4,20.38,20.36,20.35,20.34,20.32,20.3,20.29,20.29,20.28,20.26,20.27,20.29,20.29,20.29,20.28,20.29,20.29,20.29,20.29,20.29,20.3,20.3,20.28,20.27,20.27,20.27,20.25,20.22,20.21,20.2,20.19,20.19,20.2,20.2,20.2,20.21,20.23,20.24,20.24,20.24,20.25,20.26,20.26,20.27,20.27,20.28,20.28,20.27,20.25,20.21,20.19,20.19,20.19,20.2,20.21,20.21,20.19,20.17,20.17,20.18,20.18,20.18,20.17,20.18,20.19,20.18,20.18,20.18,20.18,20.17,20.16,20.17,20.17,20.17,20.18,20.2,20.21,20.23,20.23,20.23,20.24,20.25,20.25,20.26,20.26,20.26,20.24,20.25,20.27,20.29,20.3,20.31,20.31,20.31,20.3,20.3,20.3,20.29,20.28,20.27,20.26,20.25,20.24,20.25,20.27,20.27,20.28,20.3,20.3,20.29,20.28,20.28,20.28,20.29,
1998,,20.32,20.32,20.32,20.32,20.31,20.31,20.3,20.29,20.28,20.27,20.28,20.28,20.3,20.31,20.32,20.32,20.34,20.35,20.37,20.36,20.37,20.39,20.4,20.42,20.45,20.47,20.48,20.49,20.49,20.49,20.49,20.48,20.49,20.51,20.53,20.54,20.54,20.54,20.54,20.53,20.51,20.5,20.5,20.51,20.53,20.52,20.5,20.5,20.51,20.51,20.52,20.53,20.54,20.55,20.56,20.56,20.56,20.57,20.57,20.59,20.61,20.61,20.61,20.6,20.6,20.58,20.57,20.57,20.56,20.55,20.54,20.53,20.52,20.53,20.53,20.55,20.57,20.57,20.56,20.54,20.54,20.54,20.53,20.51,20.5,20.51,20.52,20.54,20.56,20.56,20.56,20.56,20.55,20.53,20.52,20.52,20.53,20.54,20.55,20.56,20.57,20.56,20.56,20.56,20.57,20.58,20.57,20.57,20.56,20.55,20.56,20.56,20.54,20.52,20.51,20.51,20.53,20.53,20.53,20.54,20.53,20.52,20.51,20.5,20.49,20.48,20.48,20.48,20.48,20.47,20.45,20.43,20.43,20.43,20.43,20.44,20.43,20.43,20.44,20.45,20.46,20.46,20.47,20.47,20.46,20.44,20.43,20.41,20.41,20.41,20.4,20.39,20.38,20.37,20.38,20.38,20.37,20.36,20.35,20.36,20.36,20.35,20.35,20.35,20.35,20.36,20.36,20.35,20.34,20.34,20.34,20.34,20.33,20.32,20.3,20.29,20.29,20.29,20.3,20.31,20.33,20.35,20.36,20.38,20.38,20.39,20.39,20.38,20.36,20.35,20.34,20.34,20.34,20.34,20.35,20.37,20.37,20.37,20.38,20.39,20.39,20.39,20.4,20.41,20.4,20.41,20.42,20.42,20.42,20.43,20.43,20.42,20.41,20.41,20.4,20.4,20.39,20.39,20.4,20.42,20.43,20.45,20.45,20.47,20.46,20.45,20.43,20.43,20.43,20.41,20.4,20.4,20.4,20.39,20.39,20.39,20.4,20.4,20.41,20.4,20.4,20.39,20.38,20.38,20.37,20.37,20.38,20.37,20.35,20.33,20.31,20.29,20.27,20.25,20.23,20.22,20.21,20.2,20.19,20.16,20.15,20.14,20.12,20.12,20.13,20.12,20.11,20.11,20.1,20.1,20.1,20.12,20.13,20.14,20.15,20.15,20.14,20.13,20.13,20.14,20.13,20.12,20.11,20.1,20.09,20.09,20.09,20.08,20.07,20.06,20.05,20.05,20.05,20.05,20.04,20.03,20.01,19.99,19.98,19.98,19.99,19.99,20.01,20.02,20.03,20.03,20.03,20.04,20.05,20.06,20.06,20.07,20.08,20.08,20.08,20.07,20.06,20.05,20.05,20.06,20.06,20.06,20.07,20.09,20.11,20.11,20.11,20.1,20.09,20.08,20.06,20.05,20.03,20.03,20.03,20.02,20.01,20,19.99,19.99,19.99,19.98,19.97,19.97,19.97,19.96,19.96,19.97,19.98,20,20.01,20.02,20.04,20.06,20.08,20.08,20.08,20.08,20.08,20.07,20.07,20.07,20.08,20.08,20.08,
1999,,20.09,20.1,20.1,20.1,20.08,20.06,20.05,20.05,20.04,20.05,20.07,20.08,20.08,20.09,20.1,20.1,20.1,20.11,20.13,20.14,20.14,20.14,20.15,20.16,20.16,20.17,20.18,20.18,20.2,20.2,20.22,20.23,20.23,20.23,20.23,20.24,20.25,20.25,20.26,20.25,20.25,20.27,20.29,20.3,20.31,20.32,20.33,20.32,20.32,20.32,20.32,20.32,20.31,20.32,20.32,20.32,20.31,20.31,20.32,20.34,20.35,20.35,20.35,20.35,20.35,20.36,20.37,20.38,20.38,20.37,20.38,20.38,20.4,20.41,20.41,20.43,20.45,20.46,20.45,20.43,20.41,20.41,20.4,20.39,20.38,20.36,20.37,20.37,20.37,20.35,20.33,20.33,20.32,20.31,20.32,20.32,20.31,20.3,20.31,20.31,20.31,20.3,20.29,20.28,20.28,20.27,20.27,20.26,20.25,20.25,20.24,20.24,20.24,20.23,20.23,20.22,20.21,20.21,20.21,20.19,20.18,20.19,20.21,20.21,20.2,20.19,20.18,20.18,20.19,20.19,20.19,20.19,20.2,20.21,20.2,20.19,20.19,20.18,20.18,20.18,20.18,20.18,20.16,20.15,20.13,20.12,20.11,20.1,20.1,20.1,20.09,20.08,20.06,20.05,20.04,20.03,20.03,20.04,20.05,20.06,20.07,20.09,20.09,20.09,20.09,20.09,20.08,20.09,20.09,20.09,20.11,20.12,20.12,20.11,20.1,20.09,20.1,20.1,20.1,20.11,20.11,20.11,20.09,20.08,20.07,20.07,20.08,20.1,20.1,20.09,20.09,20.1,20.09,20.09,20.08,20.09,20.09,20.1,20.1,20.1,20.1,20.1,20.09,20.09,20.1,20.1,20.09,20.09,20.09,20.09,20.1,20.11,20.13,20.12,20.12,20.11,20.1,20.09,20.07,20.07,20.09,20.09,20.1,20.1,20.1,20.11,20.12,20.12,20.11,20.1,20.11,20.12,20.12,20.13,20.14,20.13,20.13,20.13,20.13,20.13,20.14,20.15,20.16,20.16,20.18,20.18,20.17,20.16,20.15,20.15,20.15,20.16,20.15,20.15,20.14,20.14,20.12,20.09,20.05,20.04,20.03,20.03,20.02,20.02,20.03,20.04,20.05,20.04,20.03,20.02,20.02,20.01,20,19.99,20,20.01,20.01,20.02,20.01,20.01,20,19.99,19.98,19.97,19.97,19.97,19.96,19.95,19.94,19.93,19.91,19.9,19.9,19.9,19.91,19.92,19.92,19.91,19.91,19.91,19.91,19.9,19.88,19.88,19.89,19.89,19.89,19.89,19.89,19.89,19.9,19.92,19.94,19.96,19.95,19.95,19.94,19.95,19.94,19.93,19.91,19.91,19.92,19.92,19.92,19.92,19.93,19.94,19.94,19.93,19.92,19.9,19.88,19.87,19.87,19.87,19.87,19.87,19.88,19.89,19.9,19.9,19.91,19.92,19.94,19.96,19.97,19.96,19.96,19.97,19.98,20,20,20,19.99,19.99,19.99,19.99,20,20,20,19.99,19.99,19.99,19.99,
2000,,19.99,19.99,20,20.01,20.02,20.03,20.04,20.06,20.07,20.08,20.09,20.08,20.09,20.09,20.08,20.08,20.11,20.13,20.14,20.15,20.14,20.15,20.15,20.16,20.17,20.17,20.17,20.17,20.19,20.21,20.21,20.23,20.24,20.26,20.27,20.28,20.28,20.28,20.28,20.31,20.31,20.31,20.29,20.29,20.29,20.29,20.29,20.3,20.33,20.34,20.33,20.34,20.33,20.32,20.31,20.3,20.3,20.3,20.3,20.3,20.31,20.32,20.32,20.32,20.32,20.32,20.31,20.31,20.31,20.31,20.3,20.31,20.31,20.31,20.31,20.31,20.31,20.32,20.33,20.34,20.35,20.35,20.33,20.31,20.31,20.31,20.3,20.28,20.27,20.28,20.29,20.31,20.33,20.35,20.35,20.34,20.33,20.33,20.33,20.34,20.34,20.35,20.36,20.37,20.36,20.34,20.34,20.34,20.32,20.32,20.3,20.3,20.29,20.28,20.27,20.26,20.24,20.23,20.22,20.2,20.19,20.18,20.18,20.19,20.19,20.19,20.2,20.19,20.18,20.18,20.17,20.16,20.16,20.15,20.16,20.16,20.16,20.15,20.14,20.13,20.13,20.14,20.15,20.16,20.16,20.14,20.13,20.11,20.11,20.11,20.1,20.08,20.07,20.07,20.07,20.07,20.09,20.1,20.09,20.09,20.09,20.08,20.08,20.08,20.09,20.09,20.09,20.1,20.1,20.09,20.07,20.07,20.08,20.08,20.08,20.09,20.1,20.09,20.07,20.05,20.05,20.06,20.07,20.08,20.1,20.11,20.11,20.1,20.08,20.07,20.06,20.06,20.07,20.07,20.06,20.05,20.06,20.08,20.08,20.08,20.07,20.05,20.04,20.06,20.07,20.1,20.12,20.13,20.14,20.16,20.17,20.19,20.2,20.2,20.2,20.18,20.17,20.17,20.17,20.18,20.17,20.16,20.15,20.15,20.16,20.19,20.21,20.22,20.23,20.23,20.22,20.21,20.22,20.21,20.21,20.2,20.21,20.22,20.22,20.22,20.21,20.21,20.21,20.24,20.28,20.32,20.33,20.33,20.32,20.3,20.29,20.28,20.24,20.2,20.18,20.16,20.15,20.13,20.13,20.14,20.15,20.16,20.16,20.17,20.19,20.21,20.22,20.21,20.22,20.22,20.22,20.2,20.2,20.2,20.18,20.16,20.15,20.13,20.12,20.13,20.14,20.14,20.12,20.1,20.09,20.07,20.05,20.05,20.05,20.05,20.04,20.02,20.01,20,19.98,19.97,19.98,19.99,19.97,19.98,19.98,19.98,19.98,19.97,19.96,19.97,19.99,20.01,20.04,20.05,20.04,20.05,20.05,20.04,20.03,20.02,20.02,20,20,19.99,19.99,19.97,19.97,19.97,19.96,19.96,19.96,19.96,19.96,19.97,19.98,19.99,20,20,20,19.99,19.99,19.99,20,20,20,20,20,20.01,20.02,20.04,20.05,20.05,20.04,20.04,20.03,20.04,20.05,20.05,20.05,20.02,20,19.99,20,20.01,20.02,20.02,20.03,20.04,20.05,20.06
2001,,20.06,20.06,20.07,20.08,20.1,20.14,20.15,20.17,20.19,20.2,20.18,20.18,20.18,20.18,20.18,20.18,20.19,20.19,20.2,20.2,20.22,20.24,20.25,20.25,20.26,20.26,20.27,20.27,20.27,20.26,20.25,20.24,20.23,20.23,20.25,20.26,20.27,20.27,20.28,20.28,20.28,20.28,20.28,20.27,20.27,20.3,20.32,20.34,20.36,20.38,20.4,20.41,20.42,20.44,20.45,20.47,20.49,20.48,20.47,20.46,20.46,20.45,20.44,20.44,20.45,20.46,20.47,20.48,20.49,20.49,20.5,20.5,20.49,20.48,20.48,20.49,20.51,20.53,20.54,20.54,20.53,20.52,20.51,20.51,20.51,20.5,20.5,20.49,20.5,20.48,20.48,20.47,20.47,20.46,20.45,20.46,20.46,20.45,20.45,20.45,20.45,20.44,20.44,20.43,20.43,20.44,20.45,20.46,20.44,20.42,20.4,20.39,20.38,20.39,20.39,20.4,20.4,20.39,20.4,20.4,20.39,20.39,20.39,20.4,20.39,20.4,20.38,20.38,20.38,20.38,20.39,20.38,20.38,20.36,20.35,20.35,20.35,20.35,20.35,20.34,20.33,20.33,20.32,20.31,20.29,20.28,20.27,20.27,20.28,20.27,20.28,20.29,20.29,20.29,20.28,20.27,20.28,20.28,20.28,20.29,20.29,20.28,20.27,20.28,20.28,20.29,20.3,20.29,20.28,20.28,20.28,20.28,20.28,20.29,20.3,20.31,20.31,20.31,20.31,20.3,20.3,20.31,20.31,20.3,20.3,20.29,20.27,20.27,20.28,20.27,20.27,20.27,20.27,20.27,20.29,20.31,20.31,20.31,20.31,20.31,20.31,20.32,20.33,20.34,20.34,20.34,20.35,20.34,20.34,20.34,20.34,20.34,20.34,20.34,20.32,20.33,20.33,20.34,20.35,20.36,20.37,20.38,20.38,20.39,20.39,20.37,20.36,20.35,20.35,20.34,20.33,20.33,20.34,20.35,20.36,20.35,20.33,20.31,20.31,20.33,20.34,20.34,20.34,20.35,20.35,20.36,20.36,20.37,20.37,20.36,20.35,20.34,20.34,20.33,20.31,20.3,20.3,20.3,20.29,20.32,20.32,20.32,20.31,20.31,20.31,20.29,20.28,20.27,20.27,20.26,20.25,20.23,20.21,20.2,20.19,20.19,20.18,20.17,20.15,20.14,20.13,20.12,20.13,20.12,20.12,20.12,20.12,20.13,20.14,20.14,20.13,20.13,20.13,20.12,20.11,20.11,20.11,20.11,20.13,20.14,20.15,20.14,20.13,20.12,20.12,20.12,20.12,20.11,20.11,20.1,20.1,20.09,20.08,20.08,20.09,20.1,20.12,20.12,20.12,20.12,20.11,20.1,20.1,20.1,20.11,20.12,20.12,20.12,20.13,20.12,20.12,20.11,20.1,20.09,20.08,20.08,20.08,20.07,20.09,20.1,20.11,20.12,20.12,20.12,20.11,20.12,20.13,20.13,20.13,20.13,20.13,20.14,20.15,20.16,20.17,20.18,20.19,20.21,20.21,20.21,20.2,20.21,20.23,20.23,20.24,
2002,,20.25,20.26,20.27,20.26,20.26,20.27,20.27,20.27,20.27,20.27,20.27,20.29,20.29,20.29,20.29,20.3,20.31,20.3,20.3,20.3,20.31,20.31,20.31,20.31,20.33,20.33,20.34,20.35,20.37,20.38,20.38,20.36,20.35,20.37,20.38,20.4,20.41,20.42,20.43,20.44,20.45,20.44,20.43,20.42,20.41,20.4,20.38,20.38,20.37,20.38,20.38,20.4,20.42,20.44,20.46,20.47,20.49,20.49,20.5,20.52,20.52,20.53,20.53,20.54,20.54,20.53,20.53,20.53,20.54,20.53,20.53,20.55,20.57,20.59,20.6,20.59,20.61,20.61,20.6,20.59,20.58,20.55,20.53,20.52,20.52,20.51,20.5,20.5,20.51,20.52,20.51,20.49,20.48,20.48,20.47,20.47,20.49,20.5,20.5,20.5,20.49,20.48,20.48,20.49,20.49,20.48,20.48,20.47,20.47,20.49,20.49,20.5,20.5,20.5,20.5,20.5,20.5,20.5,20.49,20.48,20.46,20.44,20.44,20.44,20.43,20.43,20.43,20.43,20.43,20.43,20.42,20.42,20.42,20.43,20.43,20.42,20.42,20.4,20.39,20.38,20.38,20.37,20.38,20.38,20.39,20.4,20.4,20.38,20.38,20.39,20.39,20.41,20.42,20.42,20.41,20.39,20.38,20.37,20.36,20.34,20.32,20.31,20.32,20.32,20.31,20.31,20.32,20.32,20.32,20.32,20.32,20.31,20.32,20.32,20.3,20.29,20.28,20.27,20.27,20.28,20.28,20.28,20.28,20.28,20.28,20.27,20.27,20.28,20.28,20.28,20.28,20.27,20.27,20.27,20.27,20.28,20.28,20.26,20.26,20.25,20.26,20.26,20.26,20.27,20.27,20.27,20.27,20.28,20.3,20.31,20.33,20.35,20.36,20.37,20.37,20.37,20.37,20.37,20.37,20.35,20.36,20.36,20.36,20.36,20.35,20.33,20.32,20.3,20.29,20.28,20.28,20.28,20.27,20.27,20.27,20.27,20.27,20.27,20.28,20.29,20.28,20.27,20.27,20.26,20.26,20.27,20.29,20.3,20.3,20.31,20.32,20.33,20.33,20.33,20.33,20.32,20.31,20.29,20.27,20.26,20.25,20.24,20.25,20.25,20.23,20.24,20.24,20.22,20.24,20.26,20.26,20.25,20.25,20.25,20.24,20.24,20.24,20.22,20.22,20.22,20.22,20.22,20.2,20.19,20.19,20.19,20.19,20.19,20.18,20.17,20.15,20.15,20.17,20.16,20.15,20.16,20.18,20.19,20.19,20.19,20.18,20.18,20.18,20.18,20.16,20.13,20.11,20.1,20.09,20.09,20.11,20.12,20.12,20.11,20.11,20.11,20.11,20.11,20.09,20.09,20.1,20.1,20.1,20.1,20.1,20.1,20.11,20.1,20.1,20.1,20.11,20.13,20.15,20.15,20.13,20.13,20.14,20.16,20.18,20.19,20.19,20.19,20.19,20.18,20.18,20.17,20.17,20.2,20.22,20.24,20.24,20.23,20.21,20.2,20.19,20.19,20.21,20.22,20.23,20.24,20.25,20.24,20.24,20.24,20.24,
2003,,20.27,20.28,20.29,20.29,20.29,20.29,20.3,20.3,20.31,20.31,20.32,20.33,20.35,20.36,20.36,20.36,20.35,20.36,20.36,20.36,20.35,20.36,20.36,20.35,20.35,20.35,20.34,20.34,20.35,20.35,20.35,20.37,20.37,20.38,20.39,20.4,20.41,20.42,20.43,20.45,20.48,20.49,20.5,20.52,20.52,20.52,20.54,20.54,20.54,20.54,20.54,20.53,20.53,20.53,20.53,20.53,20.53,20.53,20.53,20.52,20.52,20.51,20.51,20.51,20.5,20.51,20.51,20.51,20.53,20.53,20.54,20.54,20.53,20.53,20.55,20.57,20.57,20.57,20.56,20.58,20.59,20.61,20.63,20.64,20.65,20.65,20.65,20.63,20.61,20.59,20.57,20.55,20.55,20.55,20.55,20.54,20.52,20.49,20.48,20.47,20.47,20.47,20.46,20.45,20.44,20.44,20.44,20.44,20.45,20.46,20.46,20.46,20.46,20.46,20.47,20.47,20.48,20.48,20.48,20.49,20.47,20.45,20.44,20.43,20.42,20.42,20.42,20.42,20.42,20.41,20.42,20.41,20.39,20.38,20.37,20.36,20.36,20.35,20.35,20.34,20.34,20.35,20.36,20.36,20.36,20.35,20.33,20.32,20.31,20.3,20.3,20.29,20.3,20.3,20.31,20.3,20.29,20.29,20.29,20.29,20.28,20.28,20.29,20.3,20.3,20.3,20.29,20.29,20.29,20.29,20.3,20.3,20.31,20.31,20.3,20.3,20.3,20.3,20.31,20.31,20.33,20.34,20.35,20.36,20.37,20.38,20.38,20.38,20.38,20.37,20.37,20.37,20.38,20.39,20.4,20.39,20.39,20.38,20.38,20.39,20.39,20.38,20.37,20.36,20.35,20.34,20.35,20.36,20.37,20.38,20.38,20.38,20.37,20.37,20.37,20.37,20.38,20.4,20.42,20.42,20.42,20.43,20.44,20.44,20.45,20.46,20.47,20.48,20.49,20.5,20.51,20.5,20.48,20.46,20.45,20.43,20.43,20.42,20.43,20.42,20.42,20.44,20.45,20.45,20.45,20.44,20.44,20.43,20.41,20.4,20.4,20.41,20.42,20.43,20.43,20.43,20.42,20.41,20.4,20.39,20.38,20.39,20.4,20.39,20.37,20.36,20.36,20.37,20.38,20.38,20.39,20.39,20.39,20.4,20.41,20.42,20.43,20.42,20.41,20.38,20.36,20.35,20.33,20.32,20.3,20.28,20.27,20.27,20.26,20.25,20.24,20.24,20.25,20.27,20.28,20.29,20.3,20.3,20.29,20.27,20.26,20.26,20.25,20.23,20.21,20.21,20.2,20.19,20.17,20.17,20.18,20.19,20.19,20.2,20.19,20.18,20.17,20.17,20.16,20.15,20.15,20.16,20.16,20.16,20.17,20.18,20.2,20.2,20.21,20.22,20.22,20.23,20.22,20.2,20.19,20.18,20.17,20.17,20.18,20.18,20.19,20.19,20.2,20.2,20.21,20.21,20.22,20.21,20.21,20.2,20.19,20.2,20.2,20.2,20.19,20.19,20.2,20.22,20.24,20.25,20.26,20.27,20.26,20.26,20.25,
2004,,20.25,20.25,20.26,20.28,20.29,20.28,20.27,20.27,20.27,20.27,20.29,20.31,20.32,20.32,20.33,20.33,20.34,20.35,20.36,20.38,20.38,20.38,20.38,20.39,20.41,20.43,20.45,20.45,20.46,20.46,20.46,20.46,20.45,20.47,20.48,20.49,20.5,20.51,20.51,20.51,20.5,20.5,20.5,20.5,20.5,20.5,20.51,20.49,20.49,20.49,20.48,20.48,20.5,20.51,20.52,20.53,20.53,20.53,20.53,20.52,20.51,20.51,20.53,20.52,20.51,20.5,20.49,20.47,20.47,20.48,20.49,20.51,20.53,20.55,20.55,20.56,20.56,20.55,20.55,20.55,20.56,20.56,20.54,20.52,20.51,20.51,20.52,20.55,20.55,20.54,20.54,20.55,20.55,20.55,20.55,20.56,20.56,20.55,20.55,20.56,20.56,20.55,20.54,20.53,20.54,20.54,20.54,20.53,20.52,20.5,20.49,20.5,20.49,20.49,20.48,20.46,20.44,20.41,20.41,20.4,20.39,20.39,20.4,20.39,20.38,20.35,20.33,20.33,20.34,20.34,20.34,20.34,20.33,20.31,20.29,20.3,20.32,20.34,20.34,20.35,20.34,20.32,20.31,20.32,20.34,20.36,20.36,20.35,20.37,20.37,20.36,20.35,20.33,20.31,20.3,20.29,20.28,20.26,20.26,20.24,20.23,20.22,20.22,20.21,20.22,20.23,20.23,20.22,20.2,20.19,20.18,20.18,20.19,20.2,20.19,20.19,20.19,20.2,20.22,20.21,20.2,20.2,20.18,20.16,20.16,20.18,20.18,20.18,20.19,20.19,20.19,20.21,20.23,20.23,20.23,20.24,20.25,20.26,20.27,20.27,20.27,20.28,20.29,20.3,20.31,20.33,20.35,20.36,20.36,20.38,20.39,20.4,20.4,20.39,20.39,20.39,20.39,20.39,20.38,20.39,20.41,20.43,20.44,20.44,20.42,20.39,20.38,20.36,20.36,20.35,20.34,20.34,20.33,20.34,20.35,20.36,20.37,20.38,20.37,20.36,20.37,20.39,20.41,20.42,20.43,20.43,20.42,20.41,20.4,20.39,20.38,20.37,20.37,20.36,20.35,20.34,20.32,20.3,20.29,20.3,20.31,20.31,20.32,20.32,20.3,20.29,20.3,20.3,20.3,20.3,20.29,20.28,20.27,20.27,20.27,20.28,20.28,20.27,20.25,20.23,20.21,20.19,20.18,20.18,20.18,20.16,20.15,20.15,20.16,20.17,20.19,20.2,20.21,20.2,20.2,20.19,20.18,20.19,20.2,20.19,20.18,20.18,20.18,20.16,20.16,20.15,20.15,20.14,20.14,20.14,20.15,20.16,20.16,20.17,20.17,20.17,20.17,20.16,20.15,20.14,20.14,20.13,20.12,20.12,20.12,20.12,20.12,20.11,20.12,20.13,20.14,20.15,20.16,20.16,20.15,20.15,20.17,20.18,20.19,20.19,20.19,20.18,20.16,20.15,20.13,20.12,20.13,20.14,20.14,20.14,20.15,20.16,20.16,20.17,20.18,20.19,20.2,20.21,20.22,20.23,20.24,20.24,20.24,20.25,20.25,20.26
2005,,20.3,20.31,20.31,20.31,20.32,20.34,20.35,20.36,20.36,20.37,20.39,20.41,20.41,20.4,20.41,20.42,20.42,20.41,20.41,20.41,20.42,20.43,20.45,20.47,20.5,20.51,20.5,20.49,20.48,20.47,20.48,20.47,20.47,20.47,20.46,20.48,20.5,20.51,20.52,20.53,20.55,20.57,20.57,20.57,20.57,20.58,20.57,20.57,20.56,20.55,20.56,20.59,20.6,20.6,20.6,20.61,20.61,20.61,20.6,20.58,20.58,20.57,20.55,20.54,20.55,20.55,20.54,20.53,20.53,20.53,20.54,20.56,20.57,20.57,20.57,20.57,20.58,20.61,20.63,20.65,20.66,20.66,20.66,20.65,20.64,20.63,20.62,20.62,20.6,20.6,20.59,20.57,20.56,20.57,20.57,20.56,20.54,20.52,20.51,20.51,20.5,20.49,20.5,20.5,20.5,20.5,20.5,20.51,20.52,20.53,20.55,20.57,20.57,20.59,20.59,20.59,20.59,20.59,20.58,20.58,20.56,20.54,20.53,20.53,20.54,20.54,20.54,20.53,20.51,20.51,20.5,20.5,20.49,20.48,20.48,20.45,20.45,20.46,20.46,20.46,20.46,20.46,20.48,20.48,20.48,20.48,20.48,20.49,20.49,20.48,20.47,20.47,20.46,20.44,20.44,20.44,20.42,20.4,20.38,20.36,20.33,20.31,20.3,20.3,20.3,20.32,20.34,20.36,20.39,20.41,20.43,20.44,20.45,20.45,20.45,20.44,20.45,20.45,20.44,20.43,20.41,20.39,20.39,20.39,20.39,20.39,20.39,20.39,20.38,20.39,20.41,20.44,20.44,20.43,20.43,20.43,20.44,20.45,20.45,20.45,20.46,20.46,20.45,20.43,20.43,20.43,20.44,20.44,20.46,20.46,20.47,20.47,20.46,20.45,20.45,20.44,20.45,20.47,20.48,20.5,20.49,20.49,20.49,20.5,20.51,20.52,20.52,20.53,20.53,20.52,20.51,20.51,20.54,20.54,20.52,20.52,20.53,20.53,20.53,20.51,20.51,20.51,20.5,20.5,20.5,20.48,20.47,20.46,20.46,20.45,20.43,20.42,20.41,20.4,20.4,20.4,20.4,20.41,20.41,20.41,20.41,20.41,20.42,20.41,20.41,20.41,20.4,20.39,20.37,20.35,20.33,20.33,20.32,20.33,20.34,20.33,20.31,20.31,20.29,20.29,20.28,20.29,20.29,20.28,20.27,20.26,20.25,20.27,20.27,20.28,20.28,20.28,20.28,20.27,20.27,20.27,20.27,20.27,20.25,20.24,20.22,20.2,20.19,20.17,20.15,20.14,20.13,20.11,20.1,20.12,20.13,20.14,20.16,20.17,20.19,20.2,20.19,20.17,20.16,20.16,20.17,20.16,20.16,20.16,20.15,20.13,20.12,20.13,20.13,20.13,20.15,20.16,20.16,20.16,20.15,20.16,20.15,20.15,20.16,20.17,20.17,20.16,20.15,20.15,20.15,20.15,20.16,20.18,20.19,20.21,20.23,20.25,20.26,20.24,20.22,20.2,20.21,20.23,20.27,20.29,20.31,20.3,20.3,20.29,20.3,
2006,,20.31,20.31,20.3,20.3,20.29,20.28,20.28,20.28,20.28,20.28,20.28,20.29,20.29,20.31,20.31,20.32,20.31,20.3,20.3,20.3,20.28,20.28,20.29,20.31,20.32,20.32,20.33,20.34,20.37,20.38,20.39,20.38,20.37,20.37,20.37,20.39,20.41,20.42,20.42,20.42,20.41,20.41,20.44,20.45,20.48,20.49,20.49,20.5,20.51,20.51,20.51,20.52,20.52,20.5,20.5,20.52,20.54,20.56,20.56,20.55,20.55,20.56,20.56,20.56,20.53,20.52,20.51,20.51,20.5,20.49,20.48,20.47,20.46,20.45,20.44,20.44,20.45,20.47,20.47,20.47,20.46,20.46,20.46,20.47,20.49,20.5,20.51,20.51,20.5,20.5,20.51,20.51,20.5,20.5,20.51,20.51,20.53,20.54,20.54,20.54,20.55,20.55,20.54,20.55,20.55,20.52,20.5,20.49,20.49,20.49,20.47,20.47,20.46,20.46,20.44,20.43,20.43,20.42,20.43,20.45,20.44,20.43,20.44,20.44,20.44,20.45,20.45,20.45,20.45,20.45,20.46,20.47,20.49,20.5,20.5,20.49,20.47,20.45,20.42,20.41,20.41,20.42,20.42,20.41,20.41,20.4,20.4,20.39,20.39,20.37,20.36,20.37,20.39,20.39,20.39,20.39,20.39,20.38,20.37,20.37,20.37,20.37,20.36,20.35,20.33,20.31,20.32,20.32,20.33,20.34,20.34,20.35,20.35,20.35,20.36,20.36,20.36,20.35,20.36,20.36,20.34,20.34,20.35,20.34,20.33,20.33,20.32,20.31,20.3,20.31,20.31,20.3,20.29,20.28,20.28,20.31,20.32,20.34,20.35,20.35,20.34,20.33,20.33,20.33,20.34,20.35,20.35,20.36,20.37,20.39,20.39,20.41,20.41,20.4,20.38,20.37,20.38,20.38,20.39,20.39,20.37,20.37,20.38,20.39,20.4,20.42,20.43,20.43,20.43,20.43,20.42,20.42,20.42,20.43,20.45,20.47,20.48,20.48,20.49,20.49,20.49,20.48,20.48,20.46,20.44,20.43,20.45,20.46,20.46,20.46,20.45,20.45,20.44,20.42,20.41,20.4,20.38,20.39,20.39,20.39,20.4,20.4,20.4,20.39,20.38,20.37,20.37,20.36,20.37,20.37,20.36,20.36,20.36,20.37,20.35,20.33,20.32,20.29,20.27,20.26,20.25,20.25,20.25,20.25,20.24,20.24,20.25,20.25,20.26,20.25,20.23,20.23,20.23,20.24,20.24,20.23,20.22,20.22,20.21,20.21,20.2,20.19,20.19,20.19,20.19,20.2,20.2,20.21,20.21,20.22,20.22,20.21,20.21,20.21,20.21,20.21,20.21,20.21,20.21,20.22,20.22,20.22,20.24,20.24,20.25,20.26,20.27,20.28,20.28,20.29,20.28,20.28,20.27,20.27,20.25,20.25,20.24,20.24,20.23,20.24,20.24,20.24,20.26,20.28,20.28,20.29,20.3,20.29,20.29,20.32,20.33,20.33,20.33,20.32,20.31,20.31,20.31,20.33,20.35,20.35,20.35,20.35,20.35,20.37,20.36,
2007,,20.35,20.35,20.34,20.33,20.32,20.33,20.34,20.36,20.37,20.37,20.37,20.38,20.39,20.4,20.4,20.4,20.39,20.4,20.4,20.4,20.4,20.42,20.43,20.45,20.47,20.48,20.48,20.47,20.47,20.48,20.5,20.51,20.52,20.51,20.51,20.51,20.51,20.51,20.51,20.52,20.53,20.54,20.55,20.56,20.56,20.57,20.57,20.56,20.56,20.56,20.57,20.58,20.59,20.6,20.6,20.59,20.59,20.59,20.58,20.57,20.56,20.56,20.58,20.58,20.58,20.57,20.57,20.56,20.55,20.57,20.57,20.58,20.58,20.59,20.59,20.59,20.57,20.55,20.54,20.53,20.53,20.54,20.54,20.53,20.52,20.51,20.5,20.49,20.48,20.48,20.49,20.5,20.51,20.52,20.53,20.53,20.53,20.53,20.54,20.54,20.54,20.53,20.53,20.52,20.51,20.5,20.49,20.49,20.47,20.46,20.46,20.48,20.48,20.47,20.46,20.45,20.43,20.42,20.41,20.4,20.4,20.4,20.4,20.39,20.39,20.4,20.39,20.38,20.38,20.37,20.37,20.37,20.36,20.35,20.35,20.35,20.37,20.38,20.38,20.38,20.38,20.38,20.38,20.37,20.36,20.35,20.33,20.32,20.32,20.31,20.31,20.31,20.31,20.31,20.31,20.31,20.31,20.32,20.33,20.35,20.37,20.39,20.4,20.4,20.41,20.4,20.4,20.39,20.38,20.36,20.35,20.34,20.35,20.36,20.36,20.37,20.36,20.34,20.32,20.31,20.3,20.3,20.31,20.32,20.34,20.35,20.35,20.35,20.34,20.32,20.31,20.3,20.3,20.29,20.29,20.29,20.3,20.31,20.3,20.3,20.29,20.29,20.29,20.28,20.29,20.3,20.32,20.33,20.34,20.36,20.36,20.35,20.34,20.33,20.34,20.34,20.34,20.34,20.33,20.33,20.32,20.33,20.33,20.34,20.34,20.35,20.35,20.33,20.31,20.29,20.28,20.28,20.29,20.3,20.31,20.32,20.32,20.33,20.33,20.33,20.33,20.34,20.36,20.38,20.39,20.39,20.39,20.39,20.39,20.39,20.39,20.39,20.38,20.37,20.36,20.35,20.35,20.34,20.34,20.32,20.31,20.3,20.3,20.29,20.28,20.27,20.26,20.25,20.23,20.22,20.2,20.18,20.17,20.17,20.18,20.19,20.2,20.2,20.2,20.21,20.21,20.2,20.2,20.2,20.21,20.2,20.2,20.18,20.17,20.17,20.17,20.17,20.16,20.15,20.14,20.14,20.13,20.12,20.11,20.09,20.08,20.07,20.06,20.05,20.04,20.02,20.01,20.01,20.02,20.04,20.05,20.06,20.06,20.05,20.04,20.04,20.03,20.01,19.99,19.99,19.98,19.97,19.96,19.96,19.96,19.96,19.97,19.98,19.98,19.98,19.98,19.97,19.97,19.98,19.99,20,20.02,20.02,20.01,19.99,19.99,19.99,20,20.01,20.02,20.03,20.04,20.05,20.04,20.03,20.03,20.04,20.05,20.05,20.05,20.05,20.05,20.07,20.07,20.08,20.08,20.08,20.08,20.08,20.1,
2008,,20.09,20.08,20.07,20.06,20.07,20.09,20.11,20.13,20.16,20.17,20.16,20.16,20.17,20.18,20.19,20.19,20.19,20.19,20.2,20.21,20.21,20.21,20.22,20.24,20.26,20.28,20.29,20.31,20.34,20.36,20.36,20.37,20.37,20.36,20.36,20.35,20.34,20.33,20.33,20.32,20.32,20.3,20.3,20.31,20.32,20.33,20.35,20.36,20.37,20.38,20.39,20.39,20.39,20.39,20.38,20.39,20.4,20.41,20.41,20.41,20.41,20.42,20.42,20.43,20.44,20.44,20.45,20.45,20.46,20.47,20.47,20.46,20.46,20.46,20.46,20.46,20.46,20.45,20.44,20.43,20.43,20.42,20.44,20.46,20.46,20.45,20.45,20.44,20.45,20.45,20.46,20.47,20.47,20.47,20.47,20.46,20.44,20.44,20.45,20.45,20.46,20.45,20.45,20.45,20.43,20.4,20.38,20.37,20.37,20.36,20.36,20.37,20.37,20.36,20.36,20.36,20.37,20.37,20.36,20.35,20.33,20.33,20.33,20.33,20.32,20.31,20.32,20.33,20.33,20.34,20.34,20.35,20.36,20.37,20.36,20.37,20.38,20.4,20.42,20.43,20.43,20.42,20.41,20.41,20.4,20.39,20.38,20.36,20.35,20.34,20.33,20.33,20.32,20.31,20.32,20.31,20.3,20.29,20.28,20.26,20.25,20.25,20.26,20.26,20.26,20.27,20.26,20.27,20.27,20.27,20.27,20.29,20.3,20.3,20.3,20.3,20.3,20.29,20.29,20.28,20.28,20.28,20.29,20.29,20.29,20.31,20.31,20.33,20.34,20.33,20.33,20.32,20.34,20.35,20.36,20.35,20.36,20.37,20.37,20.36,20.36,20.36,20.36,20.36,20.36,20.36,20.36,20.36,20.38,20.38,20.38,20.38,20.37,20.38,20.38,20.39,20.41,20.43,20.44,20.45,20.45,20.44,20.44,20.44,20.44,20.43,20.44,20.45,20.45,20.44,20.41,20.4,20.39,20.39,20.38,20.37,20.38,20.38,20.39,20.39,20.4,20.4,20.4,20.39,20.39,20.39,20.39,20.4,20.4,20.41,20.42,20.42,20.42,20.41,20.41,20.41,20.42,20.43,20.44,20.44,20.43,20.41,20.4,20.39,20.38,20.36,20.35,20.33,20.32,20.31,20.3,20.28,20.29,20.29,20.3,20.31,20.31,20.31,20.31,20.31,20.3,20.3,20.3,20.29,20.29,20.29,20.29,20.3,20.3,20.29,20.28,20.28,20.28,20.28,20.27,20.26,20.24,20.22,20.2,20.19,20.18,20.17,20.16,20.16,20.16,20.17,20.18,20.18,20.18,20.17,20.17,20.18,20.17,20.17,20.15,20.15,20.14,20.13,20.13,20.14,20.14,20.12,20.11,20.1,20.09,20.08,20.07,20.07,20.07,20.08,20.09,20.1,20.1,20.1,20.1,20.11,20.11,20.12,20.12,20.13,20.14,20.15,20.15,20.15,20.15,20.14,20.15,20.17,20.17,20.16,20.17,20.18,20.2,20.2,20.2,20.19,20.18,20.17,20.18,20.19,20.19,20.2,20.22,20.24,20.25,20.28
2009,,20.3,20.32,20.35,20.36,20.36,20.36,20.36,20.37,20.37,20.36,20.34,20.33,20.33,20.31,20.29,20.28,20.27,20.27,20.27,20.29,20.3,20.32,20.33,20.32,20.32,20.32,20.32,20.33,20.35,20.37,20.38,20.38,20.39,20.39,20.39,20.39,20.37,20.36,20.35,20.35,20.37,20.39,20.4,20.39,20.4,20.41,20.4,20.41,20.41,20.42,20.43,20.44,20.45,20.47,20.48,20.49,20.51,20.51,20.51,20.5,20.49,20.47,20.45,20.43,20.42,20.41,20.42,20.44,20.45,20.45,20.46,20.45,20.45,20.45,20.46,20.47,20.49,20.5,20.51,20.51,20.52,20.53,20.55,20.55,20.55,20.56,20.57,20.56,20.55,20.54,20.53,20.53,20.53,20.54,20.55,20.57,20.58,20.57,20.57,20.58,20.57,20.56,20.55,20.54,20.52,20.52,20.52,20.53,20.54,20.55,20.55,20.52,20.49,20.47,20.47,20.46,20.45,20.44,20.43,20.43,20.43,20.43,20.43,20.44,20.44,20.45,20.46,20.46,20.46,20.46,20.45,20.45,20.46,20.44,20.43,20.42,20.43,20.44,20.44,20.45,20.46,20.48,20.49,20.49,20.5,20.5,20.49,20.48,20.48,20.48,20.48,20.48,20.48,20.48,20.48,20.47,20.46,20.46,20.47,20.48,20.49,20.51,20.51,20.51,20.51,20.51,20.51,20.52,20.53,20.53,20.52,20.53,20.52,20.52,20.52,20.52,20.53,20.53,20.54,20.54,20.55,20.56,20.57,20.58,20.58,20.57,20.55,20.55,20.53,20.52,20.5,20.49,20.49,20.48,20.48,20.47,20.46,20.47,20.47,20.48,20.49,20.51,20.52,20.52,20.52,20.53,20.52,20.51,20.52,20.51,20.51,20.51,20.5,20.5,20.51,20.5,20.5,20.5,20.51,20.52,20.51,20.52,20.53,20.53,20.53,20.54,20.54,20.54,20.54,20.54,20.54,20.54,20.54,20.54,20.53,20.52,20.51,20.5,20.5,20.5,20.51,20.49,20.49,20.49,20.49,20.48,20.47,20.46,20.45,20.43,20.41,20.4,20.39,20.4,20.4,20.4,20.4,20.41,20.41,20.4,20.39,20.39,20.39,20.38,20.4,20.4,20.39,20.39,20.38,20.37,20.34,20.32,20.32,20.32,20.33,20.33,20.33,20.33,20.33,20.33,20.32,20.29,20.28,20.28,20.29,20.31,20.33,20.35,20.37,20.38,20.37,20.35,20.34,20.34,20.35,20.35,20.35,20.35,20.35,20.33,20.31,20.31,20.31,20.31,20.29,20.28,20.27,20.26,20.26,20.26,20.26,20.26,20.26,20.26,20.27,20.28,20.29,20.29,20.29,20.29,20.28,20.27,20.27,20.26,20.25,20.25,20.25,20.24,20.25,20.25,20.25,20.26,20.26,20.27,20.29,20.3,20.31,20.32,20.33,20.34,20.36,20.38,20.41,20.42,20.43,20.44,20.44,20.44,20.44,20.45,20.45,20.45,20.45,20.45,20.46,20.46,20.47,20.48,20.5,20.51,20.52,20.52,20.52,20.51,20.51,
2010,,20.5,20.51,20.51,20.51,20.5,20.49,20.49,20.48,20.48,20.49,20.48,20.47,20.46,20.46,20.46,20.47,20.47,20.47,20.48,20.49,20.5,20.51,20.52,20.54,20.56,20.57,20.58,20.59,20.59,20.59,20.58,20.57,20.58,20.58,20.58,20.59,20.61,20.62,20.63,20.64,20.65,20.64,20.65,20.65,20.65,20.66,20.66,20.66,20.65,20.65,20.66,20.67,20.69,20.71,20.72,20.71,20.71,20.71,20.72,20.71,20.71,20.7,20.69,20.68,20.69,20.69,20.69,20.7,20.7,20.7,20.71,20.71,20.7,20.7,20.69,20.69,20.7,20.71,20.71,20.71,20.7,20.69,20.69,20.7,20.71,20.71,20.72,20.72,20.72,20.72,20.71,20.72,20.73,20.74,20.75,20.76,20.77,20.77,20.76,20.76,20.74,20.73,20.71,20.7,20.7,20.69,20.68,20.68,20.67,20.67,20.66,20.65,20.64,20.64,20.64,20.64,20.64,20.63,20.62,20.61,20.61,20.59,20.58,20.58,20.58,20.59,20.6,20.6,20.6,20.58,20.56,20.55,20.54,20.53,20.52,20.53,20.54,20.55,20.56,20.56,20.55,20.57,20.57,20.55,20.54,20.53,20.52,20.52,20.51,20.5,20.49,20.5,20.5,20.48,20.48,20.49,20.49,20.49,20.5,20.49,20.47,20.46,20.46,20.45,20.45,20.44,20.43,20.43,20.42,20.41,20.41,20.41,20.41,20.42,20.42,20.43,20.42,20.42,20.42,20.42,20.43,20.43,20.44,20.45,20.47,20.48,20.47,20.46,20.46,20.46,20.46,20.46,20.45,20.45,20.44,20.44,20.45,20.45,20.45,20.45,20.45,20.45,20.45,20.44,20.44,20.43,20.42,20.43,20.42,20.42,20.43,20.44,20.43,20.43,20.44,20.47,20.49,20.48,20.48,20.48,20.47,20.47,20.48,20.47,20.45,20.43,20.42,20.41,20.41,20.41,20.42,20.43,20.42,20.43,20.43,20.43,20.44,20.44,20.45,20.43,20.43,20.43,20.42,20.42,20.4,20.39,20.38,20.37,20.37,20.36,20.36,20.36,20.37,20.36,20.36,20.36,20.37,20.36,20.35,20.35,20.34,20.34,20.34,20.33,20.33,20.33,20.32,20.31,20.3,20.29,20.28,20.26,20.24,20.2,20.2,20.19,20.19,20.19,20.19,20.2,20.19,20.18,20.18,20.18,20.19,20.2,20.21,20.21,20.22,20.22,20.22,20.23,20.23,20.22,20.21,20.21,20.21,20.21,20.2,20.19,20.16,20.14,20.12,20.11,20.1,20.1,20.1,20.11,20.11,20.1,20.09,20.09,20.08,20.08,20.08,20.08,20.08,20.08,20.08,20.08,20.09,20.11,20.12,20.13,20.13,20.13,20.13,20.13,20.12,20.12,20.11,20.11,20.12,20.12,20.13,20.13,20.13,20.13,20.13,20.14,20.14,20.15,20.14,20.15,20.15,20.15,20.16,20.16,20.14,20.14,20.14,20.13,20.15,20.17,20.19,20.2,20.2,20.19,20.2,20.2,20.2,20.21,20.2,20.2,20.22,
2011,,20.21,20.2,20.21,20.22,20.24,20.24,20.25,20.25,20.26,20.26,20.25,20.24,20.23,20.22,20.22,20.24,20.27,20.3,20.33,20.34,20.34,20.34,20.33,20.32,20.32,20.32,20.32,20.32,20.34,20.35,20.36,20.36,20.35,20.35,20.36,20.37,20.39,20.4,20.42,20.44,20.45,20.46,20.47,20.45,20.45,20.46,20.47,20.48,20.48,20.48,20.48,20.48,20.47,20.46,20.46,20.45,20.45,20.45,20.46,20.47,20.47,20.47,20.48,20.49,20.49,20.49,20.5,20.51,20.53,20.54,20.54,20.54,20.53,20.52,20.51,20.5,20.5,20.52,20.53,20.53,20.54,20.54,20.54,20.54,20.54,20.54,20.54,20.55,20.55,20.56,20.55,20.54,20.53,20.52,20.5,20.49,20.49,20.48,20.47,20.46,20.45,20.44,20.45,20.45,20.46,20.47,20.48,20.48,20.47,20.46,20.45,20.44,20.44,20.43,20.44,20.45,20.45,20.44,20.44,20.43,20.42,20.42,20.41,20.41,20.4,20.39,20.38,20.38,20.39,20.39,20.4,20.4,20.4,20.41,20.42,20.41,20.41,20.41,20.41,20.4,20.4,20.4,20.38,20.37,20.36,20.34,20.34,20.33,20.34,20.34,20.35,20.35,20.35,20.35,20.35,20.35,20.34,20.34,20.34,20.34,20.33,20.33,20.32,20.32,20.32,20.32,20.33,20.33,20.33,20.32,20.32,20.33,20.33,20.34,20.35,20.35,20.34,20.34,20.34,20.34,20.33,20.34,20.34,20.33,20.32,20.31,20.35,20.34,20.35,20.36,20.36,20.39,20.38,20.38,20.38,20.36,20.36,20.35,20.35,20.35,20.34,20.33,20.32,20.32,20.31,20.32,20.33,20.35,20.35,20.35,20.35,20.36,20.37,20.39,20.38,20.37,20.36,20.35,20.34,20.34,20.34,20.35,20.37,20.37,20.37,20.36,20.37,20.39,20.39,20.37,20.36,20.36,20.38,20.38,20.37,20.37,20.37,20.38,20.38,20.37,20.37,20.38,20.38,20.37,20.35,20.34,20.34,20.33,20.33,20.32,20.32,20.31,20.29,20.27,20.27,20.26,20.27,20.27,20.27,20.26,20.25,20.24,20.23,20.23,20.23,20.24,20.24,20.25,20.25,20.25,20.25,20.26,20.26,20.25,20.22,20.19,20.18,20.17,20.17,20.18,20.17,20.15,20.13,20.12,20.11,20.11,20.12,20.12,20.13,20.13,20.13,20.13,20.12,20.13,20.13,20.14,20.14,20.15,20.15,20.15,20.15,20.13,20.12,20.11,20.1,20.09,20.1,20.11,20.12,20.12,20.12,20.11,20.11,20.12,20.11,20.11,20.12,20.12,20.13,20.13,20.13,20.13,20.12,20.11,20.11,20.1,20.1,20.1,20.09,20.09,20.09,20.08,20.07,20.07,20.08,20.08,20.08,20.08,20.08,20.08,20.08,20.08,20.08,20.08,20.08,20.09,20.1,20.1,20.12,20.12,20.12,20.11,20.11,20.11,20.12,20.12,20.13,20.13,20.13,20.13,20.13,20.13,20.14,20.14,20.15,
2012,,20.15,20.15,20.16,20.17,20.19,20.2,20.2,20.18,20.19,20.2,20.21,20.22,20.24,20.26,20.27,20.3,20.31,20.33,20.34,20.33,20.33,20.32,20.33,20.31,20.3,20.29,20.28,20.28,20.27,20.27,20.26,20.27,20.26,20.27,20.28,20.29,20.31,20.33,20.34,20.36,20.39,20.41,20.44,20.46,20.47,20.49,20.51,20.53,20.55,20.56,20.56,20.56,20.57,20.56,20.56,20.56,20.55,20.53,20.51,20.51,20.5,20.5,20.5,20.5,20.49,20.48,20.47,20.46,20.46,20.45,20.44,20.44,20.44,20.44,20.44,20.45,20.44,20.44,20.43,20.44,20.45,20.46,20.47,20.48,20.49,20.51,20.52,20.53,20.54,20.54,20.53,20.52,20.52,20.52,20.52,20.52,20.52,20.52,20.52,20.51,20.51,20.5,20.5,20.48,20.45,20.45,20.45,20.45,20.46,20.46,20.46,20.47,20.47,20.45,20.43,20.42,20.43,20.43,20.44,20.45,20.46,20.47,20.48,20.49,20.49,20.49,20.49,20.49,20.49,20.5,20.51,20.51,20.51,20.51,20.5,20.49,20.48,20.47,20.44,20.43,20.41,20.4,20.4,20.4,20.39,20.38,20.37,20.36,20.36,20.34,20.34,20.36,20.37,20.37,20.38,20.37,20.35,20.33,20.31,20.3,20.3,20.31,20.31,20.31,20.3,20.3,20.3,20.31,20.32,20.33,20.33,20.33,20.33,20.32,20.32,20.33,20.34,20.34,20.34,20.34,20.34,20.34,20.35,20.35,20.35,20.34,20.34,20.33,20.32,20.32,20.33,20.34,20.34,20.36,20.38,20.4,20.41,20.42,20.43,20.44,20.43,20.43,20.42,20.41,20.41,20.4,20.39,20.4,20.41,20.42,20.43,20.44,20.44,20.42,20.41,20.4,20.4,20.4,20.4,20.41,20.42,20.42,20.43,20.42,20.41,20.4,20.38,20.37,20.37,20.4,20.42,20.44,20.46,20.48,20.48,20.48,20.49,20.5,20.5,20.5,20.49,20.49,20.48,20.47,20.46,20.45,20.43,20.42,20.41,20.42,20.42,20.43,20.43,20.44,20.44,20.45,20.44,20.44,20.44,20.44,20.43,20.43,20.44,20.45,20.44,20.43,20.43,20.44,20.44,20.43,20.42,20.4,20.38,20.36,20.36,20.36,20.35,20.34,20.34,20.35,20.37,20.36,20.36,20.35,20.33,20.31,20.3,20.28,20.27,20.26,20.27,20.28,20.28,20.27,20.27,20.27,20.25,20.24,20.23,20.23,20.24,20.24,20.24,20.25,20.25,20.24,20.23,20.23,20.22,20.22,20.22,20.22,20.21,20.19,20.17,20.16,20.17,20.18,20.2,20.22,20.23,20.23,20.22,20.23,20.21,20.2,20.2,20.2,20.2,20.18,20.19,20.18,20.18,20.18,20.18,20.18,20.17,20.17,20.19,20.2,20.21,20.21,20.21,20.23,20.24,20.25,20.25,20.26,20.26,20.26,20.26,20.27,20.28,20.28,20.3,20.3,20.31,20.32,20.32,20.32,20.32,20.32,20.32,20.31,20.3,20.29
2013,,20.28,20.27,20.28,20.28,20.27,20.26,20.26,20.26,20.26,20.28,20.29,20.31,20.32,20.34,20.35,20.36,20.36,20.35,20.36,20.37,20.38,20.39,20.4,20.41,20.4,20.4,20.4,20.4,20.4,20.4,20.41,20.41,20.4,20.39,20.39,20.39,20.4,20.42,20.44,20.46,20.48,20.48,20.48,20.48,20.48,20.5,20.52,20.54,20.54,20.54,20.53,20.54,20.52,20.51,20.5,20.51,20.51,20.5,20.49,20.49,20.47,20.48,20.49,20.49,20.49,20.47,20.46,20.46,20.46,20.47,20.46,20.47,20.48,20.49,20.51,20.52,20.54,20.55,20.56,20.57,20.58,20.59,20.59,20.59,20.6,20.6,20.6,20.59,20.59,20.59,20.61,20.62,20.62,20.61,20.6,20.59,20.58,20.58,20.57,20.57,20.54,20.52,20.51,20.52,20.52,20.51,20.51,20.5,20.5,20.5,20.49,20.49,20.49,20.5,20.52,20.53,20.53,20.53,20.51,20.51,20.51,20.5,20.51,20.51,20.52,20.52,20.52,20.52,20.51,20.5,20.49,20.47,20.46,20.45,20.44,20.44,20.44,20.44,20.44,20.44,20.45,20.45,20.45,20.45,20.44,20.42,20.41,20.4,20.39,20.37,20.36,20.35,20.34,20.33,20.31,20.3,20.28,20.27,20.26,20.26,20.26,20.27,20.28,20.28,20.29,20.3,20.3,20.3,20.3,20.31,20.31,20.31,20.3,20.3,20.31,20.32,20.32,20.32,20.32,20.32,20.32,20.32,20.31,20.32,20.32,20.32,20.33,20.34,20.36,20.38,20.4,20.42,20.43,20.44,20.44,20.44,20.43,20.44,20.46,20.45,20.46,20.48,20.48,20.48,20.49,20.49,20.49,20.49,20.49,20.5,20.5,20.5,20.48,20.46,20.46,20.45,20.46,20.47,20.47,20.47,20.48,20.47,20.48,20.48,20.48,20.49,20.51,20.51,20.51,20.52,20.52,20.53,20.53,20.54,20.55,20.54,20.52,20.5,20.5,20.5,20.5,20.5,20.51,20.52,20.52,20.5,20.5,20.5,20.49,20.48,20.47,20.47,20.47,20.48,20.49,20.5,20.49,20.47,20.46,20.45,20.45,20.46,20.45,20.43,20.41,20.39,20.38,20.37,20.37,20.37,20.37,20.36,20.35,20.35,20.35,20.34,20.32,20.31,20.3,20.29,20.28,20.28,20.27,20.25,20.24,20.24,20.24,20.23,20.22,20.22,20.23,20.24,20.24,20.24,20.24,20.25,20.25,20.25,20.25,20.25,20.25,20.27,20.27,20.28,20.28,20.27,20.27,20.27,20.26,20.24,20.22,20.21,20.21,20.22,20.23,20.24,20.24,20.25,20.25,20.27,20.29,20.31,20.32,20.33,20.35,20.36,20.37,20.37,20.37,20.34,20.32,20.29,20.27,20.27,20.26,20.27,20.25,20.25,20.26,20.27,20.27,20.27,20.27,20.26,20.26,20.27,20.27,20.28,20.3,20.31,20.32,20.32,20.3,20.28,20.28,20.29,20.29,20.3,20.32,20.33,20.34,20.34,20.35,20.36,20.36,
2014,,20.36,20.36,20.37,20.36,20.35,20.36,20.36,20.36,20.35,20.34,20.35,20.35,20.37,20.39,20.4,20.42,20.43,20.45,20.47,20.48,20.5,20.5,20.5,20.49,20.47,20.45,20.44,20.43,20.43,20.44,20.45,20.47,20.48,20.49,20.49,20.5,20.5,20.5,20.51,20.53,20.55,20.55,20.56,20.55,20.55,20.56,20.57,20.57,20.57,20.57,20.56,20.55,20.55,20.55,20.56,20.56,20.56,20.57,20.57,20.55,20.55,20.55,20.56,20.56,20.59,20.61,20.63,20.66,20.67,20.68,20.68,20.68,20.67,20.66,20.66,20.65,20.66,20.67,20.69,20.7,20.71,20.71,20.71,20.7,20.71,20.73,20.74,20.73,20.72,20.72,20.71,20.71,20.7,20.68,20.66,20.67,20.67,20.68,20.69,20.7,20.7,20.69,20.7,20.7,20.7,20.69,20.68,20.69,20.69,20.7,20.7,20.72,20.73,20.73,20.72,20.71,20.71,20.7,20.7,20.71,20.71,20.69,20.68,20.67,20.65,20.65,20.64,20.62,20.6,20.59,20.58,20.58,20.59,20.59,20.6,20.59,20.58,20.57,20.55,20.56,20.56,20.56,20.54,20.52,20.51,20.51,20.5,20.5,20.5,20.5,20.49,20.49,20.49,20.5,20.51,20.52,20.53,20.54,20.54,20.54,20.55,20.55,20.54,20.53,20.53,20.53,20.54,20.55,20.54,20.53,20.52,20.52,20.54,20.56,20.57,20.57,20.56,20.56,20.55,20.54,20.52,20.51,20.49,20.47,20.47,20.48,20.47,20.47,20.46,20.46,20.47,20.48,20.48,20.49,20.49,20.5,20.5,20.5,20.49,20.5,20.5,20.51,20.52,20.53,20.53,20.53,20.53,20.55,20.57,20.58,20.6,20.63,20.64,20.64,20.65,20.66,20.66,20.65,20.66,20.66,20.65,20.64,20.63,20.63,20.61,20.61,20.61,20.61,20.62,20.63,20.65,20.65,20.65,20.65,20.65,20.65,20.65,20.64,20.64,20.64,20.65,20.65,20.65,20.65,20.65,20.64,20.63,20.63,20.62,20.61,20.59,20.59,20.59,20.58,20.57,20.57,20.56,20.56,20.56,20.56,20.55,20.55,20.54,20.53,20.54,20.53,20.53,20.53,20.53,20.53,20.53,20.52,20.5,20.49,20.49,20.49,20.48,20.47,20.47,20.46,20.46,20.45,20.45,20.44,20.44,20.43,20.42,20.42,20.43,20.41,20.41,20.4,20.4,20.4,20.42,20.41,20.41,20.42,20.42,20.41,20.41,20.4,20.39,20.38,20.37,20.36,20.34,20.32,20.3,20.29,20.29,20.28,20.27,20.28,20.27,20.27,20.28,20.29,20.29,20.3,20.31,20.33,20.36,20.37,20.39,20.4,20.41,20.41,20.41,20.4,20.41,20.4,20.39,20.38,20.38,20.37,20.36,20.35,20.35,20.35,20.36,20.36,20.37,20.37,20.37,20.36,20.37,20.38,20.39,20.4,20.4,20.41,20.41,20.41,20.41,20.4,20.4,20.4,20.41,20.42,20.43,20.43,20.43,20.42,20.42,
2015,,20.42,20.42,20.42,20.43,20.44,20.45,20.45,20.44,20.44,20.44,20.46,20.46,20.47,20.48,20.49,20.51,20.55,20.56,20.58,20.59,20.58,20.57,20.57,20.56,20.57,20.58,20.58,20.58,20.58,20.59,20.6,20.61,20.61,20.62,20.63,20.64,20.64,20.64,20.64,20.64,20.64,20.65,20.65,20.66,20.67,20.68,20.68,20.69,20.68,20.67,20.67,20.67,20.68,20.69,20.69,20.69,20.69,20.7,20.69,20.69,20.68,20.68,20.68,20.68,20.67,20.67,20.67,20.68,20.69,20.7,20.7,20.69,20.69,20.69,20.69,20.7,20.71,20.71,20.73,20.74,20.73,20.74,20.75,20.76,20.76,20.76,20.76,20.76,20.76,20.77,20.79,20.79,20.8,20.8,20.79,20.79,20.78,20.77,20.77,20.77,20.77,20.78,20.79,20.78,20.77,20.75,20.75,20.74,20.75,20.76,20.76,20.76,20.77,20.78,20.78,20.77,20.77,20.77,20.77,20.77,20.77,20.78,20.78,20.78,20.76,20.74,20.72,20.7,20.7,20.69,20.67,20.66,20.66,20.65,20.64,20.63,20.63,20.64,20.65,20.66,20.65,20.64,20.64,20.63,20.62,20.63,20.65,20.65,20.64,20.63,20.63,20.62,20.62,20.63,20.63,20.62,20.61,20.62,20.62,20.63,20.63,20.62,20.61,20.6,20.58,20.59,20.59,20.58,20.58,20.58,20.58,20.57,20.56,20.56,20.56,20.55,20.55,20.54,20.55,20.55,20.55,20.57,20.58,20.58,20.59,20.59,20.6,20.61,20.6,20.61,20.62,20.62,20.63,20.63,20.62,20.62,20.62,20.61,20.61,20.62,20.63,20.63,20.63,20.63,20.63,20.63,20.64,20.66,20.68,20.68,20.69,20.69,20.69,20.7,20.69,20.69,20.69,20.68,20.68,20.67,20.65,20.66,20.66,20.67,20.69,20.7,20.71,20.7,20.7,20.7,20.7,20.71,20.72,20.72,20.73,20.73,20.73,20.73,20.73,20.73,20.73,20.72,20.72,20.72,20.73,20.73,20.74,20.74,20.74,20.74,20.74,20.73,20.72,20.72,20.71,20.71,20.72,20.72,20.72,20.71,20.71,20.71,20.72,20.72,20.73,20.75,20.76,20.76,20.75,20.74,20.73,20.72,20.71,20.7,20.68,20.66,20.66,20.66,20.65,20.65,20.64,20.64,20.64,20.64,20.63,20.63,20.61,20.61,20.61,20.6,20.6,20.61,20.6,20.59,20.58,20.59,20.59,20.58,20.58,20.57,20.59,20.6,20.6,20.58,20.56,20.55,20.55,20.56,20.58,20.57,20.58,20.57,20.57,20.56,20.57,20.57,20.57,20.59,20.59,20.57,20.56,20.55,20.54,20.53,20.52,20.53,20.54,20.56,20.57,20.57,20.56,20.56,20.56,20.56,20.56,20.55,20.55,20.54,20.53,20.54,20.54,20.54,20.53,20.52,20.52,20.55,20.58,20.62,20.65,20.67,20.68,20.68,20.67,20.66,20.65,20.64,20.65,20.66,20.67,20.66,20.67,20.68,20.69,20.69,20.7,
2016,,20.7,20.72,20.73,20.74,20.76,20.76,20.75,20.76,20.77,20.8,20.81,20.81,20.8,20.81,20.82,20.83,20.84,20.85,20.85,20.85,20.86,20.86,20.85,20.85,20.85,20.85,20.85,20.85,20.85,20.84,20.85,20.85,20.85,20.85,20.86,20.86,20.86,20.85,20.85,20.86,20.87,20.89,20.9,20.9,20.9,20.89,20.87,20.87,20.85,20.85,20.85,20.86,20.88,20.9,20.91,20.91,20.9,20.9,20.91,20.91,20.91,20.93,20.95,20.97,20.98,20.99,20.99,20.98,20.97,20.97,20.96,20.96,20.96,20.97,20.97,20.98,20.98,20.98,20.98,20.96,20.95,20.94,20.93,20.92,20.92,20.91,20.92,20.93,20.94,20.94,20.94,20.95,20.94,20.93,20.92,20.91,20.9,20.89,20.89,20.89,20.89,20.88,20.87,20.87,20.87,20.87,20.86,20.84,20.82,20.81,20.84,20.83,20.83,20.84,20.83,20.82,20.82,20.82,20.82,20.81,20.82,20.81,20.8,20.8,20.8,20.8,20.78,20.76,20.75,20.75,20.75,20.74,20.74,20.74,20.74,20.73,20.72,20.71,20.7,20.69,20.66,20.65,20.65,20.62,20.62,20.62,20.63,20.65,20.66,20.66,20.65,20.64,20.64,20.64,20.66,20.66,20.66,20.66,20.65,20.65,20.65,20.63,20.63,20.64,20.64,20.65,20.65,20.65,20.66,20.65,20.65,20.64,20.63,20.64,20.63,20.63,20.64,20.64,20.66,20.67,20.66,20.67,20.68,20.68,20.67,20.66,20.66,20.65,20.64,20.63,20.63,20.63,20.63,20.63,20.63,20.63,20.63,20.63,20.64,20.64,20.64,20.64,20.64,20.65,20.65,20.64,20.65,20.66,20.68,20.69,20.71,20.71,20.72,20.73,20.73,20.73,20.73,20.73,20.72,20.71,20.7,20.68,20.69,20.7,20.71,20.71,20.71,20.7,20.69,20.69,20.67,20.66,20.66,20.66,20.67,20.67,20.67,20.68,20.68,20.69,20.69,20.68,20.67,20.66,20.66,20.65,20.66,20.66,20.66,20.66,20.66,20.66,20.66,20.65,20.65,20.64,20.64,20.63,20.63,20.61,20.6,20.6,20.6,20.61,20.62,20.63,20.63,20.62,20.62,20.61,20.6,20.59,20.57,20.56,20.55,20.56,20.56,20.55,20.53,20.52,20.51,20.5,20.5,20.5,20.5,20.5,20.5,20.48,20.47,20.47,20.46,20.46,20.45,20.44,20.45,20.45,20.44,20.44,20.43,20.43,20.43,20.42,20.42,20.41,20.4,20.38,20.37,20.36,20.37,20.37,20.36,20.33,20.3,20.29,20.3,20.31,20.32,20.33,20.33,20.32,20.31,20.3,20.3,20.3,20.3,20.3,20.31,20.33,20.33,20.33,20.33,20.33,20.33,20.34,20.36,20.41,20.44,20.45,20.45,20.44,20.43,20.43,20.43,20.44,20.43,20.42,20.42,20.4,20.39,20.38,20.38,20.37,20.37,20.38,20.38,20.4,20.42,20.42,20.43,20.44,20.44,20.44,20.45,20.46,20.47,20.48
2017,,20.48,20.48,20.48,20.49,20.5,20.5,20.5,20.53,20.53,20.53,20.56,20.57,20.59,20.59,20.59,20.6,20.59,20.59,20.59,20.59,20.61,20.64,20.64,20.64,20.65,20.65,20.65,20.65,20.66,20.69,20.7,20.7,20.7,20.72,20.74,20.73,20.73,20.73,20.72,20.72,20.72,20.73,20.75,20.76,20.77,20.78,20.78,20.76,20.75,20.73,20.74,20.75,20.75,20.77,20.79,20.8,20.81,20.8,20.8,20.81,20.81,20.81,20.8,20.81,20.82,20.84,20.85,20.86,20.85,20.84,20.84,20.84,20.84,20.83,20.82,20.81,20.82,20.83,20.84,20.84,20.84,20.83,20.82,20.81,20.8,20.79,20.79,20.79,20.79,20.8,20.81,20.82,20.83,20.83,20.82,20.81,20.81,20.8,20.8,20.81,20.82,20.82,20.82,20.82,20.82,20.82,20.83,20.83,20.83,20.83,20.83,20.83,20.84,20.84,20.83,20.81,20.79,20.78,20.77,20.77,20.77,20.76,20.76,20.74,20.73,20.72,20.7,20.68,20.68,20.68,20.67,20.67,20.66,20.65,20.65,20.65,20.64,20.64,20.64,20.63,20.62,20.63,20.63,20.64,20.64,20.64,20.65,20.65,20.65,20.65,20.65,20.65,20.65,20.64,20.63,20.63,20.62,20.6,20.58,20.58,20.58,20.57,20.57,20.58,20.58,20.59,20.6,20.6,20.59,20.58,20.57,20.56,20.57,20.57,20.57,20.57,20.58,20.58,20.59,20.6,20.6,20.59,20.59,20.59,20.6,20.6,20.61,20.62,20.63,20.64,20.65,20.65,20.65,20.65,20.65,20.65,20.65,20.65,20.64,20.64,20.64,20.64,20.65,20.65,20.65,20.65,20.65,20.65,20.66,20.66,20.67,20.67,20.68,20.68,20.68,20.68,20.69,20.7,20.71,20.7,20.7,20.7,20.7,20.7,20.69,20.7,20.7,20.71,20.71,20.72,20.72,20.71,20.71,20.71,20.71,20.72,20.72,20.73,20.72,20.72,20.71,20.7,20.68,20.66,20.64,20.62,20.62,20.62,20.62,20.62,20.62,20.62,20.61,20.6,20.59,20.6,20.59,20.58,20.57,20.57,20.57,20.57,20.57,20.56,20.56,20.56,20.55,20.55,20.54,20.54,20.53,20.53,20.54,20.53,20.52,20.5,20.49,20.48,20.47,20.47,20.47,20.48,20.48,20.46,20.46,20.46,20.45,20.45,20.45,20.44,20.42,20.41,20.4,20.39,20.39,20.39,20.39,20.39,20.4,20.41,20.41,20.41,20.4,20.4,20.4,20.39,20.39,20.38,20.38,20.38,20.38,20.38,20.39,20.38,20.38,20.37,20.37,20.37,20.35,20.35,20.34,20.34,20.34,20.34,20.35,20.35,20.34,20.34,20.33,20.33,20.33,20.32,20.33,20.34,20.35,20.35,20.35,20.34,20.34,20.33,20.33,20.33,20.32,20.33,20.33,20.34,20.33,20.33,20.33,20.33,20.32,20.32,20.32,20.33,20.33,20.33,20.34,20.34,20.35,20.35,20.35,20.37,20.39,20.4,20.41,
2018,,20.42,20.43,20.44,20.45,20.46,20.46,20.46,20.46,20.46,20.46,20.47,20.47,20.48,20.49,20.49,20.48,20.48,20.48,20.48,20.49,20.51,20.52,20.54,20.56,20.57,20.58,20.58,20.57,20.55,20.53,20.51,20.5,20.51,20.52,20.52,20.52,20.52,20.53,20.54,20.55,20.54,20.55,20.55,20.56,20.57,20.59,20.61,20.63,20.64,20.65,20.66,20.67,20.69,20.7,20.7,20.72,20.73,20.73,20.74,20.75,20.76,20.77,20.78,20.78,20.78,20.77,20.76,20.74,20.73,20.73,20.74,20.73,20.73,20.73,20.74,20.73,20.73,20.75,20.75,20.74,20.71,20.69,20.68,20.68,20.69,20.7,20.72,20.73,20.74,20.74,20.76,20.77,20.79,20.79,20.79,20.79,20.77,20.77,20.76,20.76,20.74,20.73,20.72,20.72,20.71,20.71,20.7,20.69,20.69,20.69,20.69,20.7,20.7,20.69,20.7,20.7,20.69,20.69,20.68,20.67,20.66,20.65,20.65,20.65,20.65,20.66,20.66,20.65,20.64,20.65,20.65,20.65,20.66,20.67,20.67,20.67,20.67,20.67,20.67,20.66,20.65,20.64,20.64,20.63,20.62,20.61,20.6,20.59,20.58,20.57,20.57,20.57,20.57,20.56,20.56,20.56,20.56,20.56,20.56,20.55,20.53,20.51,20.49,20.47,20.46,20.45,20.46,20.46,20.46,20.47,20.47,20.48,20.49,20.49,20.49,20.5,20.51,20.51,20.51,20.51,20.5,20.51,20.5,20.49,20.47,20.47,20.46,20.45,20.46,20.48,20.49,20.49,20.49,20.48,20.48,20.47,20.47,20.47,20.46,20.47,20.48,20.48,20.48,20.48,20.49,20.5,20.51,20.53,20.54,20.55,20.56,20.56,20.56,20.57,20.58,20.58,20.58,20.57,20.57,20.56,20.56,20.56,20.56,20.56,20.56,20.57,20.59,20.59,20.58,20.59,20.59,20.59,20.6,20.61,20.61,20.6,20.59,20.58,20.58,20.57,20.57,20.58,20.58,20.59,20.58,20.58,20.58,20.59,20.6,20.59,20.59,20.58,20.57,20.57,20.57,20.58,20.57,20.57,20.56,20.55,20.55,20.55,20.55,20.55,20.56,20.57,20.59,20.59,20.58,20.57,20.56,20.55,20.55,20.54,20.54,20.54,20.55,20.56,20.56,20.56,20.56,20.56,20.55,20.54,20.52,20.51,20.5,20.5,20.5,20.49,20.48,20.47,20.47,20.47,20.48,20.49,20.49,20.5,20.5,20.5,20.49,20.49,20.48,20.47,20.45,20.44,20.44,20.43,20.43,20.44,20.45,20.45,20.44,20.44,20.43,20.45,20.46,20.47,20.47,20.46,20.46,20.45,20.44,20.44,20.45,20.46,20.47,20.47,20.46,20.47,20.47,20.47,20.47,20.47,20.47,20.47,20.5,20.51,20.52,20.52,20.51,20.51,20.49,20.49,20.48,20.48,20.47,20.47,20.46,20.45,20.46,20.47,20.48,20.49,20.51,20.52,20.54,20.55,20.55,20.55,20.54,20.52,20.51,20.52,20.52,
2019,,20.52,20.51,20.49,20.49,20.49,20.5,20.53,20.54,20.56,20.57,20.59,20.61,20.64,20.66,20.68,20.69,20.68,20.66,20.66,20.66,20.65,20.65,20.65,20.66,20.66,20.65,20.66,20.67,20.68,20.69,20.68,20.68,20.69,20.7,20.71,20.72,20.71,20.71,20.71,20.69,20.69,20.7,20.71,20.72,20.73,20.74,20.76,20.77,20.78,20.78,20.78,20.79,20.8,20.82,20.83,20.84,20.83,20.83,20.83,20.83,20.84,20.86,20.86,20.86,20.86,20.85,20.83,20.82,20.82,20.82,20.82,20.81,20.82,20.83,20.84,20.86,20.88,20.88,20.89,20.89,20.89,20.89,20.88,20.87,20.87,20.87,20.87,20.87,20.87,20.87,20.87,20.86,20.85,20.84,20.83,20.84,20.85,20.85,20.85,20.83,20.82,20.81,20.82,20.82,20.81,20.81,20.81,20.8,20.79,20.77,20.76,20.76,20.76,20.75,20.76,20.78,20.78,20.77,20.76,20.74,20.72,20.71,20.69,20.69,20.69,20.7,20.69,20.69,20.69,20.69,20.68,20.67,20.68,20.69,20.7,20.7,20.7,20.7,20.69,20.68,20.68,20.69,20.68,20.68,20.67,20.67,20.67,20.67,20.67,20.68,20.67,20.68,20.68,20.67,20.67,20.67,20.67,20.67,20.66,20.65,20.64,20.63,20.63,20.64,20.63,20.63,20.62,20.62,20.63,20.62,20.61,20.61,20.59,20.59,20.6,20.6,20.61,20.62,20.63,20.63,20.63,20.63,20.61,20.6,20.61,20.61,20.62,20.64,20.63,20.63,20.63,20.64,20.65,20.65,20.65,20.66,20.66,20.66,20.65,20.65,20.65,20.65,20.65,20.65,20.65,20.67,20.68,20.7,20.72,20.73,20.74,20.76,20.76,20.76,20.77,20.77,20.79,20.78,20.77,20.75,20.75,20.74,20.73,20.73,20.72,20.72,20.71,20.72,20.71,20.7,20.7,20.7,20.71,20.7,20.7,20.7,20.7,20.71,20.72,20.73,20.73,20.73,20.72,20.72,20.72,20.72,20.71,20.7,20.69,20.68,20.66,20.65,20.65,20.64,20.62,20.61,20.61,20.61,20.6,20.59,20.58,20.57,20.56,20.56,20.54,20.54,20.53,20.55,20.56,20.57,20.57,20.59,20.59,20.58,20.56,20.54,20.53,20.52,20.51,20.51,20.51,20.52,20.53,20.54,20.53,20.53,20.53,20.52,20.51,20.5,20.49,20.5,20.51,20.51,20.51,20.5,20.49,20.49,20.5,20.5,20.49,20.49,20.49,20.48,20.47,20.46,20.44,20.43,20.43,20.42,20.42,20.43,20.45,20.45,20.45,20.44,20.43,20.44,20.44,20.45,20.46,20.47,20.49,20.5,20.51,20.51,20.5,20.48,20.47,20.46,20.46,20.46,20.45,20.45,20.46,20.46,20.46,20.47,20.48,20.48,20.48,20.49,20.49,20.5,20.52,20.52,20.52,20.52,20.53,20.52,20.52,20.52,20.52,20.54,20.54,20.54,20.55,20.56,20.55,20.55,20.54,20.54,20.54,20.55,20.59,
2020,,20.62,20.62,20.63,20.64,20.64,20.65,20.65,20.65,20.65,20.64,20.65,20.65,20.64,20.65,20.67,20.67,20.67,20.67,20.68,20.69,20.7,20.71,20.73,20.74,20.75,20.77,20.78,20.79,20.8,20.8,20.79,20.79,20.78,20.78,20.78,20.77,20.77,20.78,20.78,20.78,20.78,20.79,20.81,20.81,20.81,20.81,20.82,20.82,20.82,20.81,20.82,20.82,20.82,20.81,20.81,20.82,20.84,20.85,20.86,20.87,20.88,20.89,20.89,20.89,20.88,20.89,20.9,20.89,20.88,20.89,20.91,20.92,20.92,20.92,20.92,20.91,20.9,20.91,20.91,20.91,20.92,20.93,20.94,20.94,20.94,20.93,20.92,20.92,20.93,20.94,20.95,20.94,20.91,20.91,20.91,20.91,20.92,20.92,20.92,20.92,20.92,20.91,20.91,20.9,20.88,20.86,20.86,20.87,20.86,20.86,20.85,20.85,20.85,20.86,20.86,20.85,20.85,20.85,20.83,20.82,20.81,20.81,20.81,20.81,20.81,20.81,20.81,20.81,20.81,20.81,20.82,20.81,20.8,20.79,20.78,20.77,20.76,20.76,20.75,20.74,20.72,20.7,20.66,20.65,20.64,20.63,20.64,20.65,20.66,20.66,20.66,20.66,20.66,20.67,20.66,20.65,20.64,20.64,20.63,20.64,20.64,20.64,20.63,20.61,20.6,20.6,20.6,20.62,20.63,20.63,20.63,20.64,20.64,20.64,20.64,20.64,20.64,20.65,20.65,20.64,20.64,20.63,20.63,20.63,20.62,20.62,20.63,20.66,20.69,20.69,20.69,20.68,20.67,20.67,20.67,20.67,20.68,20.7,20.72,20.73,20.74,20.75,20.75,20.76,20.76,20.76,20.76,20.76,20.75,20.74,20.74,20.74,20.75,20.76,20.76,20.76,20.76,20.76,20.76,20.76,20.75,20.75,20.75,20.75,20.77,20.78,20.78,20.78,20.79,20.79,20.79,20.8,20.8,20.8,20.81,20.81,20.8,20.8,20.79,20.79,20.78,20.76,20.75,20.72,20.7,20.69,20.7,20.71,20.71,20.7,20.7,20.7,20.7,20.71,20.71,20.7,20.7,20.69,20.69,20.68,20.67,20.67,20.68,20.68,20.68,20.66,20.64,20.62,20.62,20.61,20.6,20.6,20.59,20.59,20.58,20.56,20.56,20.55,20.54,20.53,20.53,20.51,20.51,20.51,20.51,20.5,20.51,20.51,20.5,20.51,20.51,20.52,20.52,20.53,20.53,20.53,20.53,20.52,20.51,20.5,20.5,20.5,20.48,20.47,20.46,20.45,20.45,20.44,20.43,20.43,20.43,20.43,20.43,20.42,20.42,20.42,20.43,20.44,20.44,20.43,20.43,20.41,20.4,20.39,20.39,20.39,20.39,20.4,20.4,20.39,20.38,20.37,20.35,20.34,20.35,20.36,20.37,20.39,20.4,20.4,20.4,20.4,20.41,20.4,20.39,20.39,20.38,20.38,20.38,20.37,20.36,20.36,20.37,20.37,20.38,20.4,20.41,20.42,20.43,20.44,20.46,20.46,20.47,20.47,20.47,20.47
2021,,20.47,20.46,20.46,20.45,20.45,20.46,20.47,20.49,20.49,20.5,20.5,20.5,20.51,20.52,20.52,20.52,20.52,20.52,20.53,20.54,20.55,20.56,20.56,20.57,20.58,20.58,20.58,20.57,20.57,20.56,20.56,20.57,20.58,20.59,20.6,20.61,20.62,20.62,20.62,20.63,20.64,20.65,20.66,20.68,20.7,20.72,20.73,20.75,20.76,20.76,20.75,20.74,20.74,20.72,20.71,20.71,20.71,20.72,20.72,20.73,20.74,20.75,20.76,20.77,20.77,20.78,20.77,20.78,20.79,20.8,20.8,20.81,20.81,20.82,20.82,20.81,20.8,20.79,20.78,20.76,20.76,20.76,20.75,20.76,20.75,20.75,20.75,20.76,20.76,20.77,20.77,20.75,20.73,20.72,20.71,20.73,20.74,20.74,20.74,20.74,20.74,20.74,20.74,20.74,20.75,20.77,20.78,20.78,20.78,20.77,20.77,20.76,20.75,20.75,20.75,20.75,20.76,20.76,20.76,20.75,20.76,20.76,20.75,20.74,20.73,20.72,20.72,20.72,20.71,20.71,20.71,20.7,20.71,20.71,20.71,20.72,20.73,20.73,20.72,20.71,20.7,20.68,20.67,20.66,20.66,20.65,20.64,20.64,20.64,20.63,20.62,20.61,20.6,20.6,20.61,20.61,20.61,20.62,20.64,20.65,20.66,20.65,20.65,20.64,20.63,20.62,20.62,20.62,20.62,20.62,20.62,20.61,20.61,20.62,20.63,20.63,20.63,20.64,20.64,20.64,20.64,20.64,20.63,20.63,20.64,20.63,20.63,20.63,20.64,20.64,20.65,20.65,20.66,20.67,20.67,20.68,20.7,20.72,20.72,20.73,20.73,20.74,20.74,20.74,20.74,20.73,20.73,20.74,20.74,20.75,20.74,20.73,20.72,20.71,20.7,20.7,20.71,20.71,20.71,20.72,20.71,20.71,20.71,20.71,20.72,20.72,20.73,20.73,20.73,20.74,20.74,20.75,20.75,20.74,20.73,20.71,20.7,20.7,20.7,20.7,20.7,20.7,20.71,20.72,20.72,20.72,20.72,20.71,20.71,20.71,20.72,20.7,20.7,20.69,20.69,20.68,20.67,20.67,20.67,20.67,20.67,20.67,20.67,20.67,20.68,20.67,20.66,20.66,20.65,20.65,20.64,20.64,20.63,20.62,20.62,20.61,20.61,20.61,20.61,20.6,20.6,20.59,20.58,20.58,20.57,20.56,20.56,20.55,20.54,20.53,20.52,20.51,20.51,20.51,20.5,20.5,20.48,20.47,20.47,20.47,20.48,20.48,20.48,20.46,20.46,20.45,20.46,20.46,20.46,20.46,20.46,20.46,20.46,20.46,20.46,20.46,20.47,20.47,20.48,20.47,20.47,20.47,20.46,20.46,20.46,20.47,20.48,20.47,20.47,20.47,20.46,20.45,20.44,20.42,20.41,20.39,20.39,20.39,20.39,20.39,20.39,20.39,20.39,20.4,20.4,20.4,20.39,20.39,20.39,20.39,20.39,20.4,20.4,20.41,20.43,20.44,20.46,20.47,20.48,20.51,20.53,20.55,20.55,20.54,20.54,
2022,,20.54,20.54,20.57,20.58,20.59,20.59,20.6,20.62,20.63,20.63,20.63,20.64,20.65,20.67,20.68,20.68,20.67,20.66,20.64,20.64,20.65,20.65,20.65,20.66,20.67,20.68,20.68,20.68,20.68,20.67,20.67,20.68,20.69,20.69,20.7,20.69,20.69,20.69,20.7,20.71,20.72,20.73,20.74,20.75,20.75,20.76,20.76,20.76,20.77,20.77,20.79,20.79,20.79,20.8,20.8,20.8,20.79,20.78,20.77,20.77,20.76,20.76,20.76,20.76,20.77,20.78,20.8,20.81,20.82,20.84,20.84,20.83,20.83,20.83,20.83,20.83,20.83,20.81,20.81,20.82,20.82,20.82,20.82,20.82,20.82,20.82,20.82,20.82,20.81,20.8,20.79,20.79,20.8,20.8,20.79,20.79,20.79,20.78,20.77,20.77,20.76,20.76,20.76,20.76,20.77,20.77,20.76,20.76,20.76,20.77,20.76,20.75,20.74,20.74,20.73,20.73,20.73,20.73,20.73,20.72,20.71,20.7,20.7,20.7,20.7,20.7,20.69,20.68,20.67,20.66,20.65,20.64,20.64,20.64,20.65,20.65,20.65,20.65,20.66,20.66,20.66,20.67,20.67,20.66,20.66,20.66,20.67,20.67,20.67,20.67,20.66,20.67,20.67,20.67,20.68,20.69,20.69,20.68,20.67,20.67,20.67,20.66,20.65,20.65,20.64,20.64,20.64,20.64,20.63,20.62,20.62,20.61,20.6,20.6,20.6,20.6,20.61,20.6,20.6,20.6,20.6,20.6,20.61,20.62,20.62,20.62,20.63,20.62,20.62,20.62,20.62,20.62,20.62,20.62,20.62,20.61,20.62,20.62,20.62,20.62,20.62,20.62,20.62,20.64,20.66,20.67,20.68,20.69,20.69,20.69,20.69,20.69,20.69,20.69,20.69,20.7,20.71,20.71,20.71,20.71,20.7,20.7,20.71,20.72,20.73,20.73,20.73,20.72,20.72,20.72,20.72,20.73,20.73,20.73,20.73,20.74,20.74,20.74,20.74,20.74,20.74,20.74,20.75,20.74,20.73,20.73,20.72,20.71,20.7,20.7,20.7,20.7,20.71,20.71,20.71,20.7,20.7,20.69,20.68,20.67,20.66,20.65,20.64,20.64,20.63,20.62,20.61,20.6,20.6,20.59,20.59,20.58,20.57,20.57,20.56,20.55,20.55,20.54,20.52,20.52,20.52,20.53,20.53,20.53,20.52,20.51,20.51,20.52,20.52,20.53,20.53,20.52,20.51,20.5,20.5,20.5,20.5,20.49,20.49,20.48,20.48,20.48,20.47,20.45,20.45,20.45,20.46,20.47,20.47,20.48,20.49,20.49,20.48,20.48,20.47,20.47,20.46,20.45,20.44,20.44,20.43,20.43,20.42,20.42,20.42,20.42,20.42,20.43,20.45,20.46,20.47,20.49,20.51,20.51,20.52,20.52,20.51,20.51,20.51,20.51,20.51,20.51,20.52,20.54,20.53,20.52,20.52,20.52,20.53,20.53,20.53,20.54,20.55,20.56,20.56,20.56,20.56,20.56,20.56,20.56,20.54,20.53,20.53,20.54,20.55,
2023,,20.55,20.55,20.55,20.54,20.53,20.53,20.53,20.55,20.58,20.6,20.62,20.64,20.65,20.65,20.65,20.65,20.67,20.68,20.69,20.7,20.71,20.71,20.72,20.71,20.7,20.7,20.7,20.71,20.72,20.73,20.72,20.72,20.73,20.74,20.75,20.77,20.78,20.78,20.78,20.78,20.78,20.79,20.8,20.8,20.79,20.79,20.79,20.8,20.81,20.83,20.83,20.84,20.84,20.84,20.84,20.84,20.85,20.85,20.86,20.87,20.88,20.88,20.88,20.88,20.88,20.88,20.89,20.9,20.91,20.93,20.95,20.96,20.98,20.99,21,21,21,21,20.99,20.99,20.99,21,21.01,21.01,21.01,21.01,21.01,21.02,21.03,21.04,21.05,21.05,21.05,21.05,21.05,21.04,21.04,21.04,21.03,21.03,21.02,21.02,21.02,21.01,21.01,21,21,20.99,20.99,20.98,20.99,20.99,21,20.99,20.98,20.97,20.96,20.96,20.95,20.94,20.93,20.92,20.92,20.92,20.92,20.92,20.92,20.92,20.92,20.92,20.93,20.93,20.92,20.91,20.9,20.9,20.89,20.87,20.86,20.87,20.87,20.87,20.87,20.86,20.86,20.85,20.86,20.85,20.84,20.84,20.84,20.84,20.84,20.84,20.85,20.85,20.86,20.87,20.87,20.88,20.88,20.88,20.87,20.87,20.86,20.86,20.87,20.87,20.87,20.87,20.88,20.88,20.88,20.88,20.88,20.88,20.89,20.87,20.86,20.86,20.87,20.88,20.88,20.9,20.91,20.91,20.91,20.91,20.9,20.9,20.91,20.93,20.94,20.95,20.96,20.96,20.97,20.98,20.99,21,21.02,21.02,21.02,21.01,21.01,21.02,21.01,21.01,21.02,21.02,21.03,21.03,21.03,21.03,21.03,21.04,21.04,21.04,21.04,21.04,21.03,21.03,21.03,21.04,21.05,21.05,21.06,21.06,21.06,21.07,21.07,21.08,21.08,21.09,21.09,21.09,21.09,21.09,21.08,21.08,21.07,21.06,21.05,21.04,21.03,21.03,21.03,21.04,21.05,21.05,21.05,21.06,21.05,21.04,21.03,21.03,21.02,21,20.98,20.97,20.97,20.97,20.97,20.97,20.97,20.97,20.95,20.94,20.93,20.93,20.92,20.93,20.92,20.89,20.88,20.86,20.86,20.85,20.85,20.85,20.85,20.85,20.85,20.86,20.86,20.87,20.88,20.88,20.89,20.89,20.88,20.88,20.87,20.86,20.85,20.84,20.83,20.82,20.82,20.8,20.79,20.78,20.78,20.79,20.8,20.81,20.81,20.81,20.81,20.81,20.8,20.79,20.77,20.76,20.75,20.75,20.75,20.76,20.77,20.78,20.78,20.78,20.79,20.79,20.8,20.81,20.81,20.81,20.81,20.81,20.81,20.81,20.82,20.83,20.82,20.81,20.81,20.8,20.8,20.81,20.82,20.82,20.82,20.81,20.8,20.79,20.78,20.79,20.8,20.82,20.84,20.84,20.84,20.85,20.86,20.87,20.87,20.87,20.88,20.89,20.89,20.9,20.91,20.92,20.93,
2024,,20.94,20.96,20.98,21,21.02,21.03,21.03,21.04,21.04,21.05,21.06,21.06,21.05,21.04,21.03,21.03,21.02,21.02,21.03,21.04,21.03,21.02,21.01,21,21,21,21.01,21.01,21.03,21.06,21.09,21.11,21.11,21.1,21.1,21.11,21.11,21.1,21.1,21.11,21.09,21.07,21.06,21.06,21.06,21.06,21.06,21.07,21.08,21.07,21.09,21.1,21.09,21.09,21.1,21.11,21.13,21.14,21.15,21.17,21.17,21.16,21.15,21.15,21.15,21.15,21.15,21.14,21.14,21.13,21.12,21.11,21.11,21.1,21.1,21.11,21.11,21.11,21.12,21.12,21.12,21.12,21.12,21.12,21.12,21.12,21.13,21.13,21.14,21.15,21.15,21.14,21.13,21.13,21.14,21.14,21.15,21.15,21.15,21.14,21.13,21.11,21.11,21.11,21.11,21.12,21.12,21.13,21.14,21.15,21.16,21.16,21.16,21.17,21.17,21.16,21.15,21.15,21.13,21.12,21.1,21.09,21.09,21.09,21.07,21.05,21.05,21.05,21.05,21.03,21.02,21,20.99,20.98,20.97,20.96,20.96,20.96,20.96,20.95,20.95,20.99,20.98,20.95,20.95,20.94,20.92,20.93,20.92,20.93,20.95,20.97,20.96,20.94,20.93,20.94,,,,,,,,,,,,,,,,,,,,,,,,,,,,,,,,,,,,,,,,,,,,,,,,,,,,,,,,,,,,,,,,,,,,,,,,,,,,,,,,,,,,,,,,,,,,,,,,,,,,,,,,,,,,,,,,,,,,,,,,,,,,,,,,,,,,,,,,,,,,,,,,,,,,,,,,,,,,,,,,,,,,,,,,,,,,,,,,,,,,,,,,,,,,,,,,,,,,,,,,,,,,,,,,,,
1982-2011 mean,,20.1,20.1,20.13,20.13,20.14,20.15,20.15,20.15,20.16,20.16,20.16,20.16,20.17,20.17,20.18,20.18,20.18,20.19,20.19,20.2,20.2,20.2,20.21,20.21,20.22,20.23,20.23,20.24,20.25,20.25,20.26,20.26,20.27,20.28,20.28,20.29,20.3,20.31,20.31,20.32,20.32,20.33,20.33,20.33,20.34,20.34,20.34,20.34,20.35,20.35,20.35,20.36,20.36,20.36,20.37,20.37,20.37,20.37,20.37,20.37,20.37,20.37,20.37,20.37,20.37,20.37,20.37,20.38,20.38,20.38,20.39,20.39,20.39,20.4,20.4,20.41,20.41,20.41,20.41,20.41,20.41,20.41,20.41,20.41,20.41,20.41,20.4,20.4,20.4,20.39,20.39,20.39,20.39,20.39,20.38,20.38,20.38,20.38,20.37,20.37,20.37,20.36,20.36,20.36,20.35,20.35,20.35,20.35,20.35,20.34,20.34,20.34,20.34,20.33,20.33,20.33,20.32,20.32,20.32,20.31,20.31,20.31,20.3,20.3,20.29,20.29,20.29,20.28,20.28,20.28,20.28,20.27,20.27,20.27,20.26,20.26,20.26,20.26,20.26,20.26,20.25,20.25,20.25,20.25,20.25,20.24,20.24,20.23,20.23,20.22,20.22,20.21,20.2,20.2,20.19,20.19,20.19,20.18,20.18,20.18,20.17,20.17,20.17,20.17,20.17,20.17,20.17,20.17,20.17,20.17,20.17,20.17,20.17,20.17,20.17,20.17,20.17,20.17,20.17,20.17,20.17,20.17,20.17,20.17,20.17,20.17,20.17,20.17,20.17,20.17,20.17,20.17,20.17,20.18,20.18,20.18,20.18,20.19,20.19,20.19,20.19,20.19,20.2,20.2,20.2,20.2,20.21,20.21,20.21,20.22,20.22,20.22,20.22,20.22,20.21,20.21,20.22,20.22,20.22,20.22,20.23,20.23,20.23,20.24,20.24,20.24,20.24,20.24,20.24,20.24,20.24,20.24,20.24,20.24,20.24,20.24,20.24,20.24,20.24,20.25,20.25,20.25,20.25,20.25,20.25,20.25,20.24,20.24,20.24,20.23,20.23,20.22,20.22,20.21,20.21,20.2,20.2,20.19,20.18,20.18,20.18,20.17,20.17,20.17,20.17,20.16,20.16,20.15,20.15,20.14,20.14,20.13,20.13,20.12,20.12,20.11,20.11,20.11,20.1,20.1,20.09,20.09,20.08,20.07,20.07,20.07,20.06,20.06,20.06,20.06,20.06,20.05,20.05,20.05,20.05,20.04,20.04,20.04,20.04,20.03,20.03,20.02,20.02,20.01,20.01,20.01,20.01,20.01,20,20,20,20,20,20,20,20,20,20,19.99,19.99,19.99,19.99,19.99,19.99,19.99,19.99,19.99,19.99,19.99,20,20,20,20,20,20.01,20.01,20.01,20.02,20.02,20.02,20.02,20.03,20.03,20.03,20.03,20.03,20.03,20.03,20.04,20.04,20.04,20.05,20.05,20.05,20.06,20.06,20.07,20.07,20.08,20.09,20.09,20.1,20.1,20.09,20.09,20.09
